2026-07-27 13:41:41,110 | INFO     | __main__ | Smart Attendance System starting up.
2026-07-27 13:41:41,110 | INFO     | utils.bootstrap | Created missing directory: C:\Users\HP\OneDrive\Documents\Desktop\VAYUROME Working\VS Code\VAS Attendance System\smart_attendance_system\database
2026-07-27 13:41:41,112 | INFO     | utils.bootstrap | Created missing directory: C:\Users\HP\OneDrive\Documents\Desktop\VAYUROME Working\VS Code\VAS Attendance System\smart_attendance_system\employee_images
2026-07-27 13:41:41,114 | INFO     | utils.bootstrap | Directory bootstrap complete. 6 directories verified.
2026-07-27 13:41:48,896 | WARNING  | matplotlib.font_manager | Matplotlib is building the font cache; this may take a moment.
2026-07-27 13:41:51,081 | INFO     | matplotlib.font_manager | generated new fontManager
2026-07-27 13:41:56,329 | INFO     | services.database_manager | Database schema verified/created at C:\Users\HP\OneDrive\Documents\Desktop\VAYUROME Working\VS Code\VAS Attendance System\smart_attendance_system\database\employee_data.db
2026-07-27 13:43:00,973 | INFO     | services.database_manager | Admin credentials created/updated for username: admin
2026-07-27 13:43:00,973 | INFO     | services.auth_manager | Initial admin account created: admin
2026-07-27 13:43:01,118 | INFO     | services.auth_manager | Admin login successful: admin
2026-07-27 13:43:01,286 | INFO     | services.database_manager | Database schema verified/created at C:\Users\HP\OneDrive\Documents\Desktop\VAYUROME Working\VS Code\VAS Attendance System\smart_attendance_system\database\employee_data.db
2026-07-27 13:43:01,287 | INFO     | services.encoding_cache | No existing encoding cache found at C:\Users\HP\OneDrive\Documents\Desktop\VAYUROME Working\VS Code\VAS Attendance System\smart_attendance_system\database\encodings.pkl - starting empty.
2026-07-27 13:43:08,885 | INFO     | services.camera_manager | Camera opened (backend=OpenCVWebcamSource, 1280x720)
2026-07-27 13:43:09,469 | ERROR    | __main__ | Unhandled exception in DashboardApp - application exiting.
Traceback (most recent call last):
  File "C:\Users\HP\OneDrive\Documents\Desktop\VAYUROME Working\VS Code\VAS Attendance System\smart_attendance_system\main.py", line 51, in on_login_success
    app = DashboardApp(auth=auth)
          ^^^^^^^^^^^^^^^^^^^^^^^
  File "C:\Users\HP\OneDrive\Documents\Desktop\VAYUROME Working\VS Code\VAS Attendance System\smart_attendance_system\gui\dashboard.py", line 97, in __init__
    self._start_camera_loop()
  File "C:\Users\HP\OneDrive\Documents\Desktop\VAYUROME Working\VS Code\VAS Attendance System\smart_attendance_system\gui\dashboard.py", line 213, in _start_camera_loop
    self._camera_tick()
  File "C:\Users\HP\OneDrive\Documents\Desktop\VAYUROME Working\VS Code\VAS Attendance System\smart_attendance_system\gui\dashboard.py", line 267, in _camera_tick
    results = self.face_engine.recognize_frame(frame)
              ^^^^^^^^^^^^^^^^^^^^^^^^^^^^^^^^^^^^^^^
  File "C:\Users\HP\OneDrive\Documents\Desktop\VAYUROME Working\VS Code\VAS Attendance System\smart_attendance_system\services\face_recognition_engine.py", line 236, in recognize_frame
    for location, encoding in self.detect_and_encode_frame(frame):
                              ^^^^^^^^^^^^^^^^^^^^^^^^^^^^^^^^^^^
  File "C:\Users\HP\OneDrive\Documents\Desktop\VAYUROME Working\VS Code\VAS Attendance System\smart_attendance_system\services\face_recognition_engine.py", line 179, in detect_and_encode_frame
    encodings = face_recognition.face_encodings(
                ^^^^^^^^^^^^^^^^^^^^^^^^^^^^^^^^
  File "C:\Users\HP\OneDrive\Documents\Desktop\VAYUROME Working\VS Code\VAS Attendance System\smart_attendance_system\venv\Lib\site-packages\face_recognition\api.py", line 214, in face_encodings
    return [np.array(face_encoder.compute_face_descriptor(face_image, raw_landmark_set, num_jitters)) for raw_landmark_set in raw_landmarks]
           ^^^^^^^^^^^^^^^^^^^^^^^^^^^^^^^^^^^^^^^^^^^^^^^^^^^^^^^^^^^^^^^^^^^^^^^^^^^^^^^^^^^^^^^^^^^^^^^^^^^^^^^^^^^^^^^^^^^^^^^^^^^^^^^^^
  File "C:\Users\HP\OneDrive\Documents\Desktop\VAYUROME Working\VS Code\VAS Attendance System\smart_attendance_system\venv\Lib\site-packages\face_recognition\api.py", line 214, in <listcomp>
    return [np.array(face_encoder.compute_face_descriptor(face_image, raw_landmark_set, num_jitters)) for raw_landmark_set in raw_landmarks]
                     ^^^^^^^^^^^^^^^^^^^^^^^^^^^^^^^^^^^^^^^^^^^^^^^^^^^^^^^^^^^^^^^^^^^^^^^^^^^^^^^
TypeError: compute_face_descriptor(): incompatible function arguments. The following argument types are supported:
    1. (self: _dlib_pybind11.face_recognition_model_v1, img: numpy.ndarray[(rows,cols,3),numpy.uint8], face: _dlib_pybind11.full_object_detection, num_jitters: int = 0, padding: float = 0.25) -> _dlib_pybind11.vector
    2. (self: _dlib_pybind11.face_recognition_model_v1, img: numpy.ndarray[(rows,cols,3),numpy.uint8], num_jitters: int = 0) -> _dlib_pybind11.vector
    3. (self: _dlib_pybind11.face_recognition_model_v1, img: numpy.ndarray[(rows,cols,3),numpy.uint8], faces: _dlib_pybind11.full_object_detections, num_jitters: int = 0, padding: float = 0.25) -> _dlib_pybind11.vectors
    4. (self: _dlib_pybind11.face_recognition_model_v1, batch_img: list[numpy.ndarray[(rows,cols,3),numpy.uint8]], batch_faces: list[_dlib_pybind11.full_object_detections], num_jitters: int = 0, padding: float = 0.25) -> _dlib_pybind11.vectorss
    5. (self: _dlib_pybind11.face_recognition_model_v1, batch_img: list[numpy.ndarray[(rows,cols,3),numpy.uint8]], num_jitters: int = 0) -> _dlib_pybind11.vectors

Invoked with: <_dlib_pybind11.face_recognition_model_v1 object at 0x000001BF1DA4CF70>, array([[[241, 246, 244],
        [243, 244, 245],
        [230, 253, 242],
        ...,
        [229, 243, 251],
        [244, 245, 244],
        [244, 244, 244]],

       [[241, 245, 245],
        [239, 247, 243],
        [228, 254, 245],
        ...,
        [243, 245, 242],
        [245, 243, 245],
        [244, 245, 243]],

       [[242, 246, 243],
        [235, 248, 245],
        [226, 254, 251],
        ...,
        [244, 244, 244],
        [244, 244, 244],
        [244, 244, 244]],

       ...,

       [[ 60,  69,  69],
        [ 51,  62,  58],
        [ 52,  59,  57],
        ...,
        [143, 146, 126],
        [143, 146, 124],
        [142, 146, 124]],

       [[ 58,  66,  66],
        [ 52,  62,  58],
        [ 57,  61,  57],
        ...,
        [144, 147, 126],
        [145, 149, 127],
        [139, 146, 124]],

       [[ 61,  65,  66],
        [ 61,  60,  61],
        [ 60,  58,  56],
        ...,
        [144, 148, 126],
        [144, 147, 126],
        [143, 147, 125]]], dtype=uint8), <_dlib_pybind11.full_object_detection object at 0x000001BF1D6365B0>, 1
2026-07-27 14:21:34,510 | INFO     | __main__ | Smart Attendance System starting up.
2026-07-27 14:21:34,511 | INFO     | utils.bootstrap | Directory bootstrap complete. 6 directories verified.
2026-07-27 14:21:39,387 | INFO     | services.database_manager | Database schema verified/created at C:\Users\HP\OneDrive\Documents\Desktop\VAYUROME Working\VS Code\VAS Attendance System\smart_attendance_system\database\employee_data.db
2026-07-27 14:21:51,437 | INFO     | services.auth_manager | Admin login successful: admin
2026-07-27 14:21:51,704 | INFO     | services.database_manager | Database schema verified/created at C:\Users\HP\OneDrive\Documents\Desktop\VAYUROME Working\VS Code\VAS Attendance System\smart_attendance_system\database\employee_data.db
2026-07-27 14:21:51,705 | INFO     | services.encoding_cache | No existing encoding cache found at C:\Users\HP\OneDrive\Documents\Desktop\VAYUROME Working\VS Code\VAS Attendance System\smart_attendance_system\database\encodings.pkl - starting empty.
2026-07-27 14:22:17,170 | INFO     | services.camera_manager | Camera opened (backend=OpenCVWebcamSource, 1280x720)
2026-07-27 14:22:19,690 | INFO     | services.notification_manager | [unknown_face/warning] Unknown person detected by camera.
2026-07-27 14:22:21,218 | INFO     | services.notification_manager | [unknown_face/warning] Unknown person detected by camera.
2026-07-27 14:22:21,929 | INFO     | services.notification_manager | [unknown_face/warning] Unknown person detected by camera.
2026-07-27 14:22:23,474 | INFO     | services.notification_manager | [unknown_face/warning] Unknown person detected by camera.
2026-07-27 14:22:24,037 | INFO     | services.notification_manager | [unknown_face/warning] Unknown person detected by camera.
2026-07-27 14:22:24,678 | INFO     | services.notification_manager | [unknown_face/warning] Unknown person detected by camera.
2026-07-27 14:22:25,293 | INFO     | services.notification_manager | [unknown_face/warning] Unknown person detected by camera.
2026-07-27 14:22:26,244 | INFO     | services.notification_manager | [unknown_face/warning] Unknown person detected by camera.
2026-07-27 14:22:26,976 | INFO     | services.notification_manager | [unknown_face/warning] Unknown person detected by camera.
2026-07-27 14:22:27,583 | INFO     | services.notification_manager | [unknown_face/warning] Unknown person detected by camera.
2026-07-27 14:22:28,071 | INFO     | services.notification_manager | [unknown_face/warning] Unknown person detected by camera.
2026-07-27 14:22:28,616 | INFO     | services.notification_manager | [unknown_face/warning] Unknown person detected by camera.
2026-07-27 14:22:29,093 | INFO     | services.notification_manager | [unknown_face/warning] Unknown person detected by camera.
2026-07-27 14:22:29,598 | INFO     | services.notification_manager | [unknown_face/warning] Unknown person detected by camera.
2026-07-27 14:22:30,255 | INFO     | services.notification_manager | [unknown_face/warning] Unknown person detected by camera.
2026-07-27 14:22:30,800 | INFO     | services.notification_manager | [unknown_face/warning] Unknown person detected by camera.
2026-07-27 14:22:31,305 | INFO     | services.notification_manager | [unknown_face/warning] Unknown person detected by camera.
2026-07-27 14:22:31,841 | INFO     | services.notification_manager | [unknown_face/warning] Unknown person detected by camera.
2026-07-27 14:22:32,318 | INFO     | services.notification_manager | [unknown_face/warning] Unknown person detected by camera.
2026-07-27 14:22:32,958 | INFO     | services.notification_manager | [unknown_face/warning] Unknown person detected by camera.
2026-07-27 14:22:33,489 | INFO     | services.notification_manager | [unknown_face/warning] Unknown person detected by camera.
2026-07-27 14:22:33,994 | INFO     | services.notification_manager | [unknown_face/warning] Unknown person detected by camera.
2026-07-27 14:22:34,506 | INFO     | services.notification_manager | [unknown_face/warning] Unknown person detected by camera.
2026-07-27 14:22:35,071 | INFO     | services.notification_manager | [unknown_face/warning] Unknown person detected by camera.
2026-07-27 14:22:35,614 | INFO     | services.notification_manager | [unknown_face/warning] Unknown person detected by camera.
2026-07-27 14:22:36,312 | INFO     | services.notification_manager | [unknown_face/warning] Unknown person detected by camera.
2026-07-27 14:22:36,826 | INFO     | services.notification_manager | [unknown_face/warning] Unknown person detected by camera.
2026-07-27 14:22:37,305 | INFO     | services.notification_manager | [unknown_face/warning] Unknown person detected by camera.
2026-07-27 14:22:37,788 | INFO     | services.notification_manager | [unknown_face/warning] Unknown person detected by camera.
2026-07-27 14:22:38,479 | INFO     | services.notification_manager | [unknown_face/warning] Unknown person detected by camera.
2026-07-27 14:22:38,983 | INFO     | services.notification_manager | [unknown_face/warning] Unknown person detected by camera.
2026-07-27 14:22:39,529 | INFO     | services.notification_manager | [unknown_face/warning] Unknown person detected by camera.
2026-07-27 14:22:40,021 | INFO     | services.notification_manager | [unknown_face/warning] Unknown person detected by camera.
2026-07-27 14:22:41,244 | INFO     | services.notification_manager | [unknown_face/warning] Unknown person detected by camera.
2026-07-27 14:22:41,861 | INFO     | services.notification_manager | [unknown_face/warning] Unknown person detected by camera.
2026-07-27 14:22:42,390 | INFO     | services.notification_manager | [unknown_face/warning] Unknown person detected by camera.
2026-07-27 14:22:42,893 | INFO     | services.notification_manager | [unknown_face/warning] Unknown person detected by camera.
2026-07-27 14:22:43,460 | INFO     | services.notification_manager | [unknown_face/warning] Unknown person detected by camera.
2026-07-27 14:22:46,373 | INFO     | services.notification_manager | [unknown_face/warning] Unknown person detected by camera.
2026-07-27 14:22:47,051 | INFO     | services.notification_manager | [unknown_face/warning] Unknown person detected by camera.
2026-07-27 14:22:47,596 | INFO     | services.notification_manager | [unknown_face/warning] Unknown person detected by camera.
2026-07-27 14:22:48,101 | INFO     | services.notification_manager | [unknown_face/warning] Unknown person detected by camera.
2026-07-27 14:22:48,619 | INFO     | services.notification_manager | [unknown_face/warning] Unknown person detected by camera.
2026-07-27 14:22:49,155 | INFO     | services.notification_manager | [unknown_face/warning] Unknown person detected by camera.
2026-07-27 14:22:49,637 | INFO     | services.notification_manager | [unknown_face/warning] Unknown person detected by camera.
2026-07-27 14:22:50,101 | INFO     | services.notification_manager | [unknown_face/warning] Unknown person detected by camera.
2026-07-27 14:22:50,562 | INFO     | services.notification_manager | [unknown_face/warning] Unknown person detected by camera.
2026-07-27 14:22:51,124 | INFO     | services.notification_manager | [unknown_face/warning] Unknown person detected by camera.
2026-07-27 14:22:51,796 | INFO     | services.notification_manager | [unknown_face/warning] Unknown person detected by camera.
2026-07-27 14:22:52,384 | INFO     | services.notification_manager | [unknown_face/warning] Unknown person detected by camera.
2026-07-27 14:22:53,560 | INFO     | services.notification_manager | [unknown_face/warning] Unknown person detected by camera.
2026-07-27 14:22:54,451 | INFO     | services.notification_manager | [unknown_face/warning] Unknown person detected by camera.
2026-07-27 14:22:56,132 | INFO     | services.notification_manager | [unknown_face/warning] Unknown person detected by camera.
2026-07-27 14:22:56,763 | INFO     | services.notification_manager | [unknown_face/warning] Unknown person detected by camera.
2026-07-27 14:22:57,298 | INFO     | services.notification_manager | [unknown_face/warning] Unknown person detected by camera.
2026-07-27 14:22:58,283 | INFO     | services.notification_manager | [unknown_face/warning] Unknown person detected by camera.
2026-07-27 14:22:58,894 | INFO     | services.notification_manager | [unknown_face/warning] Unknown person detected by camera.
2026-07-27 14:22:59,438 | INFO     | services.notification_manager | [unknown_face/warning] Unknown person detected by camera.
2026-07-27 14:22:59,889 | INFO     | services.notification_manager | [unknown_face/warning] Unknown person detected by camera.
2026-07-27 14:23:00,364 | INFO     | services.notification_manager | [unknown_face/warning] Unknown person detected by camera.
2026-07-27 14:23:00,831 | INFO     | services.notification_manager | [unknown_face/warning] Unknown person detected by camera.
2026-07-27 14:23:01,476 | INFO     | services.notification_manager | [unknown_face/warning] Unknown person detected by camera.
2026-07-27 14:23:02,142 | INFO     | services.notification_manager | [unknown_face/warning] Unknown person detected by camera.
2026-07-27 14:23:02,777 | INFO     | services.notification_manager | [unknown_face/warning] Unknown person detected by camera.
2026-07-27 14:23:03,250 | INFO     | services.notification_manager | [unknown_face/warning] Unknown person detected by camera.
2026-07-27 14:23:03,840 | INFO     | services.notification_manager | [unknown_face/warning] Unknown person detected by camera.
2026-07-27 14:23:04,423 | INFO     | services.notification_manager | [unknown_face/warning] Unknown person detected by camera.
2026-07-27 14:23:05,432 | INFO     | services.notification_manager | [unknown_face/warning] Unknown person detected by camera.
2026-07-27 14:23:06,588 | INFO     | services.notification_manager | [unknown_face/warning] Unknown person detected by camera.
2026-07-27 14:23:07,067 | INFO     | services.notification_manager | [unknown_face/warning] Unknown person detected by camera.
2026-07-27 14:23:07,527 | INFO     | services.notification_manager | [unknown_face/warning] Unknown person detected by camera.
2026-07-27 14:23:08,056 | INFO     | services.notification_manager | [unknown_face/warning] Unknown person detected by camera.
2026-07-27 14:23:11,836 | INFO     | services.notification_manager | [unknown_face/warning] Unknown person detected by camera.
2026-07-27 14:23:13,399 | INFO     | services.notification_manager | [unknown_face/warning] Unknown person detected by camera.
2026-07-27 14:23:13,967 | INFO     | services.notification_manager | [unknown_face/warning] Unknown person detected by camera.
2026-07-27 14:23:14,516 | INFO     | services.notification_manager | [unknown_face/warning] Unknown person detected by camera.
2026-07-27 14:23:15,113 | INFO     | services.notification_manager | [unknown_face/warning] Unknown person detected by camera.
2026-07-27 14:23:15,627 | INFO     | services.notification_manager | [unknown_face/warning] Unknown person detected by camera.
2026-07-27 14:23:16,095 | INFO     | services.notification_manager | [unknown_face/warning] Unknown person detected by camera.
2026-07-27 14:23:16,697 | INFO     | services.notification_manager | [unknown_face/warning] Unknown person detected by camera.
2026-07-27 14:23:17,261 | INFO     | services.notification_manager | [unknown_face/warning] Unknown person detected by camera.
2026-07-27 14:23:17,800 | INFO     | services.notification_manager | [unknown_face/warning] Unknown person detected by camera.
2026-07-27 14:23:18,332 | INFO     | services.notification_manager | [unknown_face/warning] Unknown person detected by camera.
2026-07-27 14:23:18,807 | INFO     | services.notification_manager | [unknown_face/warning] Unknown person detected by camera.
2026-07-27 14:23:19,282 | INFO     | services.notification_manager | [unknown_face/warning] Unknown person detected by camera.
2026-07-27 14:23:19,926 | INFO     | services.notification_manager | [unknown_face/warning] Unknown person detected by camera.
2026-07-27 14:23:20,525 | INFO     | services.notification_manager | [unknown_face/warning] Unknown person detected by camera.
2026-07-27 14:23:21,124 | INFO     | services.notification_manager | [unknown_face/warning] Unknown person detected by camera.
2026-07-27 14:23:21,604 | INFO     | services.notification_manager | [unknown_face/warning] Unknown person detected by camera.
2026-07-27 14:23:22,158 | INFO     | services.notification_manager | [unknown_face/warning] Unknown person detected by camera.
2026-07-27 14:23:22,688 | INFO     | services.notification_manager | [unknown_face/warning] Unknown person detected by camera.
2026-07-27 14:23:23,422 | INFO     | services.notification_manager | [unknown_face/warning] Unknown person detected by camera.
2026-07-27 14:23:24,055 | INFO     | services.notification_manager | [unknown_face/warning] Unknown person detected by camera.
2026-07-27 14:23:24,851 | INFO     | services.notification_manager | [unknown_face/warning] Unknown person detected by camera.
2026-07-27 14:23:25,578 | INFO     | services.notification_manager | [unknown_face/warning] Unknown person detected by camera.
2026-07-27 14:23:26,276 | INFO     | services.notification_manager | [unknown_face/warning] Unknown person detected by camera.
2026-07-27 14:23:26,819 | INFO     | services.notification_manager | [unknown_face/warning] Unknown person detected by camera.
2026-07-27 14:23:27,451 | INFO     | services.notification_manager | [unknown_face/warning] Unknown person detected by camera.
2026-07-27 14:23:28,334 | INFO     | services.notification_manager | [unknown_face/warning] Unknown person detected by camera.
2026-07-27 14:23:28,901 | INFO     | services.notification_manager | [unknown_face/warning] Unknown person detected by camera.
2026-07-27 14:23:29,379 | INFO     | services.notification_manager | [unknown_face/warning] Unknown person detected by camera.
2026-07-27 14:23:29,966 | INFO     | services.notification_manager | [unknown_face/warning] Unknown person detected by camera.
2026-07-27 14:23:30,472 | INFO     | services.notification_manager | [unknown_face/warning] Unknown person detected by camera.
2026-07-27 14:23:30,904 | INFO     | services.notification_manager | [unknown_face/warning] Unknown person detected by camera.
2026-07-27 14:23:31,357 | INFO     | services.notification_manager | [unknown_face/warning] Unknown person detected by camera.
2026-07-27 14:23:32,111 | INFO     | services.notification_manager | [unknown_face/warning] Unknown person detected by camera.
2026-07-27 14:23:32,848 | INFO     | services.notification_manager | [unknown_face/warning] Unknown person detected by camera.
2026-07-27 14:23:33,581 | INFO     | services.notification_manager | [unknown_face/warning] Unknown person detected by camera.
2026-07-27 14:23:34,315 | INFO     | services.notification_manager | [unknown_face/warning] Unknown person detected by camera.
2026-07-27 14:23:34,893 | INFO     | services.notification_manager | [unknown_face/warning] Unknown person detected by camera.
2026-07-27 14:23:35,461 | INFO     | services.notification_manager | [unknown_face/warning] Unknown person detected by camera.
2026-07-27 14:23:35,908 | INFO     | services.notification_manager | [unknown_face/warning] Unknown person detected by camera.
2026-07-27 14:23:36,403 | INFO     | services.notification_manager | [unknown_face/warning] Unknown person detected by camera.
2026-07-27 14:23:36,936 | INFO     | services.notification_manager | [unknown_face/warning] Unknown person detected by camera.
2026-07-27 14:23:37,618 | INFO     | services.notification_manager | [unknown_face/warning] Unknown person detected by camera.
2026-07-27 14:23:38,259 | INFO     | services.notification_manager | [unknown_face/warning] Unknown person detected by camera.
2026-07-27 14:23:38,738 | INFO     | services.notification_manager | [unknown_face/warning] Unknown person detected by camera.
2026-07-27 14:23:39,390 | INFO     | services.notification_manager | [unknown_face/warning] Unknown person detected by camera.
2026-07-27 14:23:40,014 | INFO     | services.notification_manager | [unknown_face/warning] Unknown person detected by camera.
2026-07-27 14:23:40,606 | INFO     | services.notification_manager | [unknown_face/warning] Unknown person detected by camera.
2026-07-27 14:23:41,255 | INFO     | services.notification_manager | [unknown_face/warning] Unknown person detected by camera.
2026-07-27 14:23:41,758 | INFO     | services.notification_manager | [unknown_face/warning] Unknown person detected by camera.
2026-07-27 14:23:42,534 | INFO     | services.notification_manager | [unknown_face/warning] Unknown person detected by camera.
2026-07-27 14:23:43,183 | INFO     | services.notification_manager | [unknown_face/warning] Unknown person detected by camera.
2026-07-27 14:23:43,753 | INFO     | services.notification_manager | [unknown_face/warning] Unknown person detected by camera.
2026-07-27 14:23:44,353 | INFO     | services.notification_manager | [unknown_face/warning] Unknown person detected by camera.
2026-07-27 14:23:44,912 | INFO     | services.notification_manager | [unknown_face/warning] Unknown person detected by camera.
2026-07-27 14:23:45,460 | INFO     | services.notification_manager | [unknown_face/warning] Unknown person detected by camera.
2026-07-27 14:23:45,935 | INFO     | services.notification_manager | [unknown_face/warning] Unknown person detected by camera.
2026-07-27 14:23:46,442 | INFO     | services.notification_manager | [unknown_face/warning] Unknown person detected by camera.
2026-07-27 14:23:46,896 | INFO     | services.notification_manager | [unknown_face/warning] Unknown person detected by camera.
2026-07-27 14:23:47,511 | INFO     | services.notification_manager | [unknown_face/warning] Unknown person detected by camera.
2026-07-27 14:23:48,199 | INFO     | services.notification_manager | [unknown_face/warning] Unknown person detected by camera.
2026-07-27 14:23:49,086 | INFO     | services.notification_manager | [unknown_face/warning] Unknown person detected by camera.
2026-07-27 14:23:49,964 | INFO     | services.notification_manager | [unknown_face/warning] Unknown person detected by camera.
2026-07-27 14:23:50,796 | INFO     | services.notification_manager | [unknown_face/warning] Unknown person detected by camera.
2026-07-27 14:23:51,630 | INFO     | services.notification_manager | [unknown_face/warning] Unknown person detected by camera.
2026-07-27 14:23:52,232 | INFO     | services.notification_manager | [unknown_face/warning] Unknown person detected by camera.
2026-07-27 14:23:52,747 | INFO     | services.notification_manager | [unknown_face/warning] Unknown person detected by camera.
2026-07-27 14:23:53,397 | INFO     | services.notification_manager | [unknown_face/warning] Unknown person detected by camera.
2026-07-27 14:23:54,126 | INFO     | services.notification_manager | [unknown_face/warning] Unknown person detected by camera.
2026-07-27 14:23:55,030 | INFO     | services.notification_manager | [unknown_face/warning] Unknown person detected by camera.
2026-07-27 14:23:55,675 | INFO     | services.notification_manager | [unknown_face/warning] Unknown person detected by camera.
2026-07-27 14:23:56,229 | INFO     | services.notification_manager | [unknown_face/warning] Unknown person detected by camera.
2026-07-27 14:23:56,722 | INFO     | services.notification_manager | [unknown_face/warning] Unknown person detected by camera.
2026-07-27 14:23:57,357 | INFO     | services.notification_manager | [unknown_face/warning] Unknown person detected by camera.
2026-07-27 14:23:58,156 | INFO     | services.notification_manager | [unknown_face/warning] Unknown person detected by camera.
2026-07-27 14:23:59,088 | INFO     | services.notification_manager | [unknown_face/warning] Unknown person detected by camera.
2026-07-27 14:23:59,996 | INFO     | services.notification_manager | [unknown_face/warning] Unknown person detected by camera.
2026-07-27 14:24:00,858 | INFO     | services.notification_manager | [unknown_face/warning] Unknown person detected by camera.
2026-07-27 14:24:01,571 | INFO     | services.notification_manager | [unknown_face/warning] Unknown person detected by camera.
2026-07-27 14:24:02,372 | INFO     | services.notification_manager | [unknown_face/warning] Unknown person detected by camera.
2026-07-27 14:24:03,037 | INFO     | services.notification_manager | [unknown_face/warning] Unknown person detected by camera.
2026-07-27 14:24:03,558 | INFO     | services.notification_manager | [unknown_face/warning] Unknown person detected by camera.
2026-07-27 14:24:04,077 | INFO     | services.notification_manager | [unknown_face/warning] Unknown person detected by camera.
2026-07-27 14:24:04,539 | INFO     | services.notification_manager | [unknown_face/warning] Unknown person detected by camera.
2026-07-27 14:24:05,185 | INFO     | services.notification_manager | [unknown_face/warning] Unknown person detected by camera.
2026-07-27 14:24:05,782 | INFO     | services.notification_manager | [unknown_face/warning] Unknown person detected by camera.
2026-07-27 14:24:06,347 | INFO     | services.notification_manager | [unknown_face/warning] Unknown person detected by camera.
2026-07-27 14:24:06,821 | INFO     | services.notification_manager | [unknown_face/warning] Unknown person detected by camera.
2026-07-27 14:24:07,297 | INFO     | services.notification_manager | [unknown_face/warning] Unknown person detected by camera.
2026-07-27 14:24:07,930 | INFO     | services.notification_manager | [unknown_face/warning] Unknown person detected by camera.
2026-07-27 14:24:08,741 | INFO     | services.notification_manager | [unknown_face/warning] Unknown person detected by camera.
2026-07-27 14:24:09,289 | INFO     | services.notification_manager | [unknown_face/warning] Unknown person detected by camera.
2026-07-27 14:24:09,880 | INFO     | services.notification_manager | [unknown_face/warning] Unknown person detected by camera.
2026-07-27 14:24:10,390 | INFO     | services.notification_manager | [unknown_face/warning] Unknown person detected by camera.
2026-07-27 14:24:10,915 | INFO     | services.notification_manager | [unknown_face/warning] Unknown person detected by camera.
2026-07-27 14:24:11,478 | INFO     | services.notification_manager | [unknown_face/warning] Unknown person detected by camera.
2026-07-27 14:24:12,302 | INFO     | services.notification_manager | [unknown_face/warning] Unknown person detected by camera.
2026-07-27 14:24:12,960 | INFO     | services.notification_manager | [unknown_face/warning] Unknown person detected by camera.
2026-07-27 14:24:13,556 | INFO     | services.notification_manager | [unknown_face/warning] Unknown person detected by camera.
2026-07-27 14:24:14,191 | INFO     | services.notification_manager | [unknown_face/warning] Unknown person detected by camera.
2026-07-27 14:24:14,760 | INFO     | services.notification_manager | [unknown_face/warning] Unknown person detected by camera.
2026-07-27 14:24:15,386 | INFO     | services.notification_manager | [unknown_face/warning] Unknown person detected by camera.
2026-07-27 14:24:16,891 | INFO     | services.notification_manager | [unknown_face/warning] Unknown person detected by camera.
2026-07-27 14:24:18,148 | INFO     | services.notification_manager | [unknown_face/warning] Unknown person detected by camera.
2026-07-27 14:24:18,154 | INFO     | services.notification_manager | [unknown_face/warning] Unknown person detected by camera.
2026-07-27 14:24:18,654 | INFO     | services.notification_manager | [unknown_face/warning] Unknown person detected by camera.
2026-07-27 14:24:19,209 | INFO     | services.notification_manager | [unknown_face/warning] Unknown person detected by camera.
2026-07-27 14:24:19,713 | INFO     | services.notification_manager | [unknown_face/warning] Unknown person detected by camera.
2026-07-27 14:24:20,258 | INFO     | services.notification_manager | [unknown_face/warning] Unknown person detected by camera.
2026-07-27 14:24:20,780 | INFO     | services.notification_manager | [unknown_face/warning] Unknown person detected by camera.
2026-07-27 14:24:21,308 | INFO     | services.notification_manager | [unknown_face/warning] Unknown person detected by camera.
2026-07-27 14:24:21,855 | INFO     | services.notification_manager | [unknown_face/warning] Unknown person detected by camera.
2026-07-27 14:24:22,584 | INFO     | services.notification_manager | [unknown_face/warning] Unknown person detected by camera.
2026-07-27 14:24:23,216 | INFO     | services.notification_manager | [unknown_face/warning] Unknown person detected by camera.
2026-07-27 14:24:23,940 | INFO     | services.notification_manager | [unknown_face/warning] Unknown person detected by camera.
2026-07-27 14:24:24,482 | INFO     | services.notification_manager | [unknown_face/warning] Unknown person detected by camera.
2026-07-27 14:24:25,095 | INFO     | services.notification_manager | [unknown_face/warning] Unknown person detected by camera.
2026-07-27 14:24:25,664 | INFO     | services.notification_manager | [unknown_face/warning] Unknown person detected by camera.
2026-07-27 14:24:26,280 | INFO     | services.notification_manager | [unknown_face/warning] Unknown person detected by camera.
2026-07-27 14:24:26,956 | INFO     | services.notification_manager | [unknown_face/warning] Unknown person detected by camera.
2026-07-27 14:24:27,471 | INFO     | services.notification_manager | [unknown_face/warning] Unknown person detected by camera.
2026-07-27 14:24:28,332 | INFO     | services.notification_manager | [unknown_face/warning] Unknown person detected by camera.
2026-07-27 14:24:29,053 | INFO     | services.notification_manager | [unknown_face/warning] Unknown person detected by camera.
2026-07-27 14:24:29,677 | INFO     | services.notification_manager | [unknown_face/warning] Unknown person detected by camera.
2026-07-27 14:24:30,377 | INFO     | services.notification_manager | [unknown_face/warning] Unknown person detected by camera.
2026-07-27 14:24:30,945 | INFO     | services.notification_manager | [unknown_face/warning] Unknown person detected by camera.
2026-07-27 14:24:31,476 | INFO     | services.notification_manager | [unknown_face/warning] Unknown person detected by camera.
2026-07-27 14:24:31,914 | INFO     | services.notification_manager | [unknown_face/warning] Unknown person detected by camera.
2026-07-27 14:24:32,392 | INFO     | services.notification_manager | [unknown_face/warning] Unknown person detected by camera.
2026-07-27 14:24:32,868 | INFO     | services.notification_manager | [unknown_face/warning] Unknown person detected by camera.
2026-07-27 14:24:33,390 | INFO     | services.notification_manager | [unknown_face/warning] Unknown person detected by camera.
2026-07-27 14:24:34,090 | INFO     | services.notification_manager | [unknown_face/warning] Unknown person detected by camera.
2026-07-27 14:24:34,627 | INFO     | services.notification_manager | [unknown_face/warning] Unknown person detected by camera.
2026-07-27 14:24:35,155 | INFO     | services.notification_manager | [unknown_face/warning] Unknown person detected by camera.
2026-07-27 14:24:35,688 | INFO     | services.notification_manager | [unknown_face/warning] Unknown person detected by camera.
2026-07-27 14:24:36,341 | INFO     | services.notification_manager | [unknown_face/warning] Unknown person detected by camera.
2026-07-27 14:24:36,919 | INFO     | services.notification_manager | [unknown_face/warning] Unknown person detected by camera.
2026-07-27 14:24:37,413 | INFO     | services.notification_manager | [unknown_face/warning] Unknown person detected by camera.
2026-07-27 14:24:37,913 | INFO     | services.notification_manager | [unknown_face/warning] Unknown person detected by camera.
2026-07-27 14:24:38,593 | INFO     | services.notification_manager | [unknown_face/warning] Unknown person detected by camera.
2026-07-27 14:24:39,270 | INFO     | services.notification_manager | [unknown_face/warning] Unknown person detected by camera.
2026-07-27 14:24:39,812 | INFO     | services.notification_manager | [unknown_face/warning] Unknown person detected by camera.
2026-07-27 14:24:40,372 | INFO     | services.notification_manager | [unknown_face/warning] Unknown person detected by camera.
2026-07-27 14:24:40,952 | INFO     | services.notification_manager | [unknown_face/warning] Unknown person detected by camera.
2026-07-27 14:24:41,497 | INFO     | services.notification_manager | [unknown_face/warning] Unknown person detected by camera.
2026-07-27 14:24:42,065 | INFO     | services.notification_manager | [unknown_face/warning] Unknown person detected by camera.
2026-07-27 14:24:42,551 | INFO     | services.notification_manager | [unknown_face/warning] Unknown person detected by camera.
2026-07-27 14:24:43,164 | INFO     | services.notification_manager | [unknown_face/warning] Unknown person detected by camera.
2026-07-27 14:24:43,839 | INFO     | services.notification_manager | [unknown_face/warning] Unknown person detected by camera.
2026-07-27 14:24:44,731 | INFO     | services.notification_manager | [unknown_face/warning] Unknown person detected by camera.
2026-07-27 14:24:45,547 | INFO     | services.notification_manager | [unknown_face/warning] Unknown person detected by camera.
2026-07-27 14:24:46,129 | INFO     | services.notification_manager | [unknown_face/warning] Unknown person detected by camera.
2026-07-27 14:24:46,750 | INFO     | services.notification_manager | [unknown_face/warning] Unknown person detected by camera.
2026-07-27 14:24:47,388 | INFO     | services.notification_manager | [unknown_face/warning] Unknown person detected by camera.
2026-07-27 14:24:48,135 | INFO     | services.notification_manager | [unknown_face/warning] Unknown person detected by camera.
2026-07-27 14:24:48,654 | INFO     | services.notification_manager | [unknown_face/warning] Unknown person detected by camera.
2026-07-27 14:24:49,179 | INFO     | services.notification_manager | [unknown_face/warning] Unknown person detected by camera.
2026-07-27 14:24:49,682 | INFO     | services.notification_manager | [unknown_face/warning] Unknown person detected by camera.
2026-07-27 14:24:50,228 | INFO     | services.notification_manager | [unknown_face/warning] Unknown person detected by camera.
2026-07-27 14:24:50,798 | INFO     | services.notification_manager | [unknown_face/warning] Unknown person detected by camera.
2026-07-27 14:24:51,456 | INFO     | services.notification_manager | [unknown_face/warning] Unknown person detected by camera.
2026-07-27 14:24:51,995 | INFO     | services.notification_manager | [unknown_face/warning] Unknown person detected by camera.
2026-07-27 14:24:52,605 | INFO     | services.notification_manager | [unknown_face/warning] Unknown person detected by camera.
2026-07-27 14:24:53,139 | INFO     | services.notification_manager | [unknown_face/warning] Unknown person detected by camera.
2026-07-27 14:24:53,731 | INFO     | services.notification_manager | [unknown_face/warning] Unknown person detected by camera.
2026-07-27 14:24:54,304 | INFO     | services.notification_manager | [unknown_face/warning] Unknown person detected by camera.
2026-07-27 14:24:55,066 | INFO     | services.notification_manager | [unknown_face/warning] Unknown person detected by camera.
2026-07-27 14:24:55,899 | INFO     | services.notification_manager | [unknown_face/warning] Unknown person detected by camera.
2026-07-27 14:24:56,485 | INFO     | services.notification_manager | [unknown_face/warning] Unknown person detected by camera.
2026-07-27 14:24:56,950 | INFO     | services.notification_manager | [unknown_face/warning] Unknown person detected by camera.
2026-07-27 14:24:57,516 | INFO     | services.notification_manager | [unknown_face/warning] Unknown person detected by camera.
2026-07-27 14:24:58,104 | INFO     | services.notification_manager | [unknown_face/warning] Unknown person detected by camera.
2026-07-27 14:24:58,949 | INFO     | services.notification_manager | [unknown_face/warning] Unknown person detected by camera.
2026-07-27 14:24:59,795 | INFO     | services.notification_manager | [unknown_face/warning] Unknown person detected by camera.
2026-07-27 14:25:00,606 | INFO     | services.notification_manager | [unknown_face/warning] Unknown person detected by camera.
2026-07-27 14:25:01,397 | INFO     | services.notification_manager | [unknown_face/warning] Unknown person detected by camera.
2026-07-27 14:25:02,180 | INFO     | services.notification_manager | [unknown_face/warning] Unknown person detected by camera.
2026-07-27 14:25:03,012 | INFO     | services.notification_manager | [unknown_face/warning] Unknown person detected by camera.
2026-07-27 14:25:03,761 | INFO     | services.notification_manager | [unknown_face/warning] Unknown person detected by camera.
2026-07-27 14:25:04,531 | INFO     | services.notification_manager | [unknown_face/warning] Unknown person detected by camera.
2026-07-27 14:25:05,577 | INFO     | services.notification_manager | [unknown_face/warning] Unknown person detected by camera.
2026-07-27 14:25:06,530 | INFO     | services.notification_manager | [unknown_face/warning] Unknown person detected by camera.
2026-07-27 14:25:07,553 | INFO     | services.notification_manager | [unknown_face/warning] Unknown person detected by camera.
2026-07-27 14:25:08,771 | INFO     | services.notification_manager | [unknown_face/warning] Unknown person detected by camera.
2026-07-27 14:25:09,603 | INFO     | services.notification_manager | [unknown_face/warning] Unknown person detected by camera.
2026-07-27 14:25:10,378 | INFO     | services.notification_manager | [unknown_face/warning] Unknown person detected by camera.
2026-07-27 14:25:11,271 | INFO     | services.notification_manager | [unknown_face/warning] Unknown person detected by camera.
2026-07-27 14:25:12,187 | INFO     | services.notification_manager | [unknown_face/warning] Unknown person detected by camera.
2026-07-27 14:25:12,872 | INFO     | services.notification_manager | [unknown_face/warning] Unknown person detected by camera.
2026-07-27 14:25:13,635 | INFO     | services.notification_manager | [unknown_face/warning] Unknown person detected by camera.
2026-07-27 14:25:14,360 | INFO     | services.notification_manager | [unknown_face/warning] Unknown person detected by camera.
2026-07-27 14:25:14,934 | INFO     | services.notification_manager | [unknown_face/warning] Unknown person detected by camera.
2026-07-27 14:25:15,632 | INFO     | services.notification_manager | [unknown_face/warning] Unknown person detected by camera.
2026-07-27 14:25:16,349 | INFO     | services.notification_manager | [unknown_face/warning] Unknown person detected by camera.
2026-07-27 14:25:17,085 | INFO     | services.notification_manager | [unknown_face/warning] Unknown person detected by camera.
2026-07-27 14:25:17,908 | INFO     | services.notification_manager | [unknown_face/warning] Unknown person detected by camera.
2026-07-27 14:25:18,765 | INFO     | services.notification_manager | [unknown_face/warning] Unknown person detected by camera.
2026-07-27 14:25:19,549 | INFO     | services.notification_manager | [unknown_face/warning] Unknown person detected by camera.
2026-07-27 14:25:20,266 | INFO     | services.notification_manager | [unknown_face/warning] Unknown person detected by camera.
2026-07-27 14:25:20,804 | INFO     | services.notification_manager | [unknown_face/warning] Unknown person detected by camera.
2026-07-27 14:25:21,362 | INFO     | services.notification_manager | [unknown_face/warning] Unknown person detected by camera.
2026-07-27 14:25:21,917 | INFO     | services.notification_manager | [unknown_face/warning] Unknown person detected by camera.
2026-07-27 14:25:22,418 | INFO     | services.notification_manager | [unknown_face/warning] Unknown person detected by camera.
2026-07-27 14:25:23,264 | INFO     | services.notification_manager | [unknown_face/warning] Unknown person detected by camera.
2026-07-27 14:25:23,909 | INFO     | services.notification_manager | [unknown_face/warning] Unknown person detected by camera.
2026-07-27 14:25:24,757 | INFO     | services.notification_manager | [unknown_face/warning] Unknown person detected by camera.
2026-07-27 14:25:25,291 | INFO     | services.notification_manager | [unknown_face/warning] Unknown person detected by camera.
2026-07-27 14:25:25,859 | INFO     | services.notification_manager | [unknown_face/warning] Unknown person detected by camera.
2026-07-27 14:25:26,339 | INFO     | services.notification_manager | [unknown_face/warning] Unknown person detected by camera.
2026-07-27 14:25:26,921 | INFO     | services.notification_manager | [unknown_face/warning] Unknown person detected by camera.
2026-07-27 14:25:27,608 | INFO     | services.notification_manager | [unknown_face/warning] Unknown person detected by camera.
2026-07-27 14:25:28,169 | INFO     | services.notification_manager | [unknown_face/warning] Unknown person detected by camera.
2026-07-27 14:25:28,819 | INFO     | services.notification_manager | [unknown_face/warning] Unknown person detected by camera.
2026-07-27 14:25:29,280 | INFO     | services.notification_manager | [unknown_face/warning] Unknown person detected by camera.
2026-07-27 14:25:29,795 | INFO     | services.notification_manager | [unknown_face/warning] Unknown person detected by camera.
2026-07-27 14:25:30,637 | INFO     | services.notification_manager | [unknown_face/warning] Unknown person detected by camera.
2026-07-27 14:25:31,288 | INFO     | services.notification_manager | [unknown_face/warning] Unknown person detected by camera.
2026-07-27 14:25:31,868 | INFO     | services.notification_manager | [unknown_face/warning] Unknown person detected by camera.
2026-07-27 14:25:32,475 | INFO     | services.notification_manager | [unknown_face/warning] Unknown person detected by camera.
2026-07-27 14:25:32,988 | INFO     | services.notification_manager | [unknown_face/warning] Unknown person detected by camera.
2026-07-27 14:25:33,665 | INFO     | services.notification_manager | [unknown_face/warning] Unknown person detected by camera.
2026-07-27 14:25:34,248 | INFO     | services.notification_manager | [unknown_face/warning] Unknown person detected by camera.
2026-07-27 14:25:34,932 | INFO     | services.notification_manager | [unknown_face/warning] Unknown person detected by camera.
2026-07-27 14:25:35,479 | INFO     | services.notification_manager | [unknown_face/warning] Unknown person detected by camera.
2026-07-27 14:25:37,148 | INFO     | services.database_manager | Employee added: VAS2026SDE01 (Harsh Kapoor)
2026-07-27 14:25:37,148 | INFO     | services.notification_manager | [system/info] New employee registered: Harsh Kapoor
2026-07-27 14:25:39,576 | INFO     | services.notification_manager | [unknown_face/warning] Unknown person detected by camera.
2026-07-27 14:25:40,280 | INFO     | services.notification_manager | [unknown_face/warning] Unknown person detected by camera.
2026-07-27 14:25:40,775 | INFO     | services.notification_manager | [unknown_face/warning] Unknown person detected by camera.
2026-07-27 14:25:41,411 | INFO     | services.notification_manager | [unknown_face/warning] Unknown person detected by camera.
2026-07-27 14:25:42,256 | INFO     | services.notification_manager | [unknown_face/warning] Unknown person detected by camera.
2026-07-27 14:25:42,844 | INFO     | services.notification_manager | [unknown_face/warning] Unknown person detected by camera.
2026-07-27 14:25:43,378 | INFO     | services.notification_manager | [unknown_face/warning] Unknown person detected by camera.
2026-07-27 14:25:43,923 | INFO     | services.notification_manager | [unknown_face/warning] Unknown person detected by camera.
2026-07-27 14:25:44,441 | INFO     | services.notification_manager | [unknown_face/warning] Unknown person detected by camera.
2026-07-27 14:25:45,059 | INFO     | services.notification_manager | [unknown_face/warning] Unknown person detected by camera.
2026-07-27 14:25:45,965 | INFO     | services.notification_manager | [unknown_face/warning] Unknown person detected by camera.
2026-07-27 14:25:47,494 | INFO     | services.notification_manager | [unknown_face/warning] Unknown person detected by camera.
2026-07-27 14:25:48,912 | INFO     | services.notification_manager | [unknown_face/warning] Unknown person detected by camera.
2026-07-27 14:25:50,402 | INFO     | services.notification_manager | [unknown_face/warning] Unknown person detected by camera.
2026-07-27 14:25:51,761 | INFO     | services.notification_manager | [unknown_face/warning] Unknown person detected by camera.
2026-07-27 14:25:53,207 | INFO     | services.notification_manager | [unknown_face/warning] Unknown person detected by camera.
2026-07-27 14:25:55,035 | INFO     | services.notification_manager | [unknown_face/warning] Unknown person detected by camera.
2026-07-27 14:25:56,495 | INFO     | services.notification_manager | [unknown_face/warning] Unknown person detected by camera.
2026-07-27 14:25:57,920 | INFO     | services.notification_manager | [unknown_face/warning] Unknown person detected by camera.
2026-07-27 14:25:59,551 | INFO     | services.notification_manager | [unknown_face/warning] Unknown person detected by camera.
2026-07-27 14:26:01,078 | INFO     | services.notification_manager | [unknown_face/warning] Unknown person detected by camera.
2026-07-27 14:26:01,974 | INFO     | services.notification_manager | [unknown_face/warning] Unknown person detected by camera.
2026-07-27 14:26:02,606 | INFO     | services.notification_manager | [unknown_face/warning] Unknown person detected by camera.
2026-07-27 14:26:03,774 | INFO     | services.notification_manager | [unknown_face/warning] Unknown person detected by camera.
2026-07-27 14:26:04,373 | INFO     | services.notification_manager | [unknown_face/warning] Unknown person detected by camera.
2026-07-27 14:26:05,023 | INFO     | services.notification_manager | [unknown_face/warning] Unknown person detected by camera.
2026-07-27 14:26:05,720 | INFO     | services.notification_manager | [unknown_face/warning] Unknown person detected by camera.
2026-07-27 14:26:06,320 | INFO     | services.notification_manager | [unknown_face/warning] Unknown person detected by camera.
2026-07-27 14:26:07,102 | INFO     | services.notification_manager | [unknown_face/warning] Unknown person detected by camera.
2026-07-27 14:26:07,970 | INFO     | services.notification_manager | [unknown_face/warning] Unknown person detected by camera.
2026-07-27 14:26:08,469 | INFO     | services.notification_manager | [unknown_face/warning] Unknown person detected by camera.
2026-07-27 14:26:09,263 | INFO     | services.notification_manager | [unknown_face/warning] Unknown person detected by camera.
2026-07-27 14:26:09,811 | INFO     | services.notification_manager | [unknown_face/warning] Unknown person detected by camera.
2026-07-27 14:26:10,479 | INFO     | services.notification_manager | [unknown_face/warning] Unknown person detected by camera.
2026-07-27 14:26:12,196 | INFO     | services.notification_manager | [unknown_face/warning] Unknown person detected by camera.
2026-07-27 14:26:12,722 | INFO     | services.notification_manager | [unknown_face/warning] Unknown person detected by camera.
2026-07-27 14:26:17,082 | INFO     | services.notification_manager | [unknown_face/warning] Unknown person detected by camera.
2026-07-27 14:26:17,588 | INFO     | services.notification_manager | [unknown_face/warning] Unknown person detected by camera.
2026-07-27 14:26:18,309 | INFO     | services.notification_manager | [unknown_face/warning] Unknown person detected by camera.
2026-07-27 14:26:19,711 | INFO     | services.notification_manager | [unknown_face/warning] Unknown person detected by camera.
2026-07-27 14:26:21,505 | INFO     | services.notification_manager | [unknown_face/warning] Unknown person detected by camera.
2026-07-27 14:26:25,235 | INFO     | services.notification_manager | [unknown_face/warning] Unknown person detected by camera.
2026-07-27 14:26:27,865 | INFO     | services.notification_manager | [unknown_face/warning] Unknown person detected by camera.
2026-07-27 14:26:30,549 | INFO     | services.notification_manager | [unknown_face/warning] Unknown person detected by camera.
2026-07-27 14:26:33,569 | INFO     | services.notification_manager | [unknown_face/warning] Unknown person detected by camera.
2026-07-27 14:26:35,299 | INFO     | services.notification_manager | [unknown_face/warning] Unknown person detected by camera.
2026-07-27 14:26:37,072 | INFO     | services.notification_manager | [unknown_face/warning] Unknown person detected by camera.
2026-07-27 14:26:39,125 | INFO     | services.notification_manager | [unknown_face/warning] Unknown person detected by camera.
2026-07-27 14:26:40,742 | INFO     | services.notification_manager | [unknown_face/warning] Unknown person detected by camera.
2026-07-27 14:26:42,039 | INFO     | services.notification_manager | [unknown_face/warning] Unknown person detected by camera.
2026-07-27 14:26:42,574 | INFO     | services.notification_manager | [unknown_face/warning] Unknown person detected by camera.
2026-07-27 14:26:43,136 | INFO     | services.notification_manager | [unknown_face/warning] Unknown person detected by camera.
2026-07-27 14:26:44,199 | INFO     | services.notification_manager | [unknown_face/warning] Unknown person detected by camera.
2026-07-27 14:26:45,693 | INFO     | services.notification_manager | [unknown_face/warning] Unknown person detected by camera.
2026-07-27 14:26:47,062 | INFO     | services.notification_manager | [unknown_face/warning] Unknown person detected by camera.
2026-07-27 14:26:47,582 | INFO     | services.notification_manager | [unknown_face/warning] Unknown person detected by camera.
2026-07-27 14:26:48,274 | INFO     | services.notification_manager | [unknown_face/warning] Unknown person detected by camera.
2026-07-27 14:26:49,614 | INFO     | services.notification_manager | [unknown_face/warning] Unknown person detected by camera.
2026-07-27 14:26:51,023 | INFO     | services.notification_manager | [unknown_face/warning] Unknown person detected by camera.
2026-07-27 14:26:52,519 | INFO     | services.notification_manager | [unknown_face/warning] Unknown person detected by camera.
2026-07-27 14:26:54,243 | ERROR    | gui.dashboard | Unhandled exception in GUI callback: 
Traceback (most recent call last):
  File "C:\Users\HP\AppData\Local\Programs\Python\Python311\Lib\tkinter\__init__.py", line 1967, in __call__
    return self.func(*args)
           ^^^^^^^^^^^^^^^^
  File "C:\Users\HP\AppData\Local\Programs\Python\Python311\Lib\tkinter\__init__.py", line 861, in callit
    func(*args)
  File "C:\Users\HP\OneDrive\Documents\Desktop\VAYUROME Working\VS Code\VAS Attendance System\smart_attendance_system\gui\dashboard.py", line 267, in _camera_tick
    results = self.face_engine.recognize_frame(frame)
              ^^^^^^^^^^^^^^^^^^^^^^^^^^^^^^^^^^^^^^^
  File "C:\Users\HP\OneDrive\Documents\Desktop\VAYUROME Working\VS Code\VAS Attendance System\smart_attendance_system\services\face_recognition_engine.py", line 262, in recognize_frame
    for location, encoding in self.detect_and_encode_frame(frame):
                              ^^^^^^^^^^^^^^^^^^^^^^^^^^^^^^^^^^^
  File "C:\Users\HP\OneDrive\Documents\Desktop\VAYUROME Working\VS Code\VAS Attendance System\smart_attendance_system\services\face_recognition_engine.py", line 205, in detect_and_encode_frame
    encodings = face_recognition.face_encodings(
                ^^^^^^^^^^^^^^^^^^^^^^^^^^^^^^^^
  File "C:\Users\HP\OneDrive\Documents\Desktop\VAYUROME Working\VS Code\VAS Attendance System\smart_attendance_system\venv\Lib\site-packages\face_recognition\api.py", line 214, in face_encodings
    return [np.array(face_encoder.compute_face_descriptor(face_image, raw_landmark_set, num_jitters)) for raw_landmark_set in raw_landmarks]
           ^^^^^^^^^^^^^^^^^^^^^^^^^^^^^^^^^^^^^^^^^^^^^^^^^^^^^^^^^^^^^^^^^^^^^^^^^^^^^^^^^^^^^^^^^^^^^^^^^^^^^^^^^^^^^^^^^^^^^^^^^^^^^^^^^
  File "C:\Users\HP\OneDrive\Documents\Desktop\VAYUROME Working\VS Code\VAS Attendance System\smart_attendance_system\venv\Lib\site-packages\face_recognition\api.py", line 214, in <listcomp>
    return [np.array(face_encoder.compute_face_descriptor(face_image, raw_landmark_set, num_jitters)) for raw_landmark_set in raw_landmarks]
                     ^^^^^^^^^^^^^^^^^^^^^^^^^^^^^^^^^^^^^^^^^^^^^^^^^^^^^^^^^^^^^^^^^^^^^^^^^^^^^^^
KeyboardInterrupt
2026-07-27 14:26:54,448 | INFO     | services.notification_manager | [system/error] Unexpected error: 
2026-07-27 14:30:18,335 | INFO     | utils.bootstrap | Directory bootstrap complete. 6 directories verified.
2026-07-27 14:30:33,695 | INFO     | services.database_manager | Database schema verified/created at C:\Users\HP\OneDrive\Documents\Desktop\VAYUROME Working\VS Code\VAS Attendance System\smart_attendance_system\database\employee_data.db
2026-07-27 14:30:43,639 | INFO     | services.camera_manager | Camera opened (backend=OpenCVWebcamSource, 1280x720)
2026-07-27 14:31:06,992 | INFO     | services.camera_manager | Camera released.
2026-07-27 14:31:06,992 | INFO     | services.encoding_cache | No existing encoding cache found at C:\Users\HP\OneDrive\Documents\Desktop\VAYUROME Working\VS Code\VAS Attendance System\smart_attendance_system\database\encodings.pkl - starting empty.
2026-07-27 14:31:07,007 | INFO     | services.database_manager | Database schema verified/created at C:\Users\HP\OneDrive\Documents\Desktop\VAYUROME Working\VS Code\VAS Attendance System\smart_attendance_system\database\employee_data.db
2026-07-27 14:31:14,109 | INFO     | services.encoding_cache | Encoding cache saved to C:\Users\HP\OneDrive\Documents\Desktop\VAYUROME Working\VS Code\VAS Attendance System\smart_attendance_system\database\encodings.pkl
2026-07-27 14:31:14,109 | INFO     | services.encoding_cache | Set 5 encoding(s) for VAS2026SDE01
2026-07-27 14:31:14,109 | INFO     | services.face_recognition_engine | Enrolled VAS2026SDE01: 5/5 photos encoded successfully.
2026-07-27 14:32:12,879 | INFO     | utils.bootstrap | Directory bootstrap complete. 6 directories verified.
2026-07-27 14:32:12,951 | INFO     | services.encoding_cache | Loaded encoding cache: 1 employee(s), 5 total encoding(s).
2026-07-27 14:32:12,966 | INFO     | services.database_manager | Database schema verified/created at C:\Users\HP\OneDrive\Documents\Desktop\VAYUROME Working\VS Code\VAS Attendance System\smart_attendance_system\database\employee_data.db
2026-07-27 14:32:29,984 | INFO     | services.camera_manager | Camera opened (backend=OpenCVWebcamSource, 1280x720)
2026-07-27 14:33:10,224 | INFO     | services.camera_manager | Camera released.
2026-07-27 14:34:24,938 | INFO     | utils.bootstrap | Directory bootstrap complete. 6 directories verified.
2026-07-27 14:34:32,429 | INFO     | services.database_manager | Database schema verified/created at C:\Users\HP\OneDrive\Documents\Desktop\VAYUROME Working\VS Code\VAS Attendance System\smart_attendance_system\database\employee_data.db
2026-07-27 14:34:41,750 | INFO     | services.camera_manager | Camera opened (backend=OpenCVWebcamSource, 1280x720)
2026-07-27 14:35:19,785 | INFO     | services.camera_manager | Camera released.
2026-07-27 14:35:19,791 | INFO     | services.encoding_cache | No existing encoding cache found at C:\Users\HP\OneDrive\Documents\Desktop\VAYUROME Working\VS Code\VAS Attendance System\smart_attendance_system\database\encodings.pkl - starting empty.
2026-07-27 14:35:19,813 | INFO     | services.database_manager | Database schema verified/created at C:\Users\HP\OneDrive\Documents\Desktop\VAYUROME Working\VS Code\VAS Attendance System\smart_attendance_system\database\employee_data.db
2026-07-27 14:35:20,644 | WARNING  | services.face_recognition_engine | Skipping VAS2026SDE01_01.jpg during enrollment: Multiple faces detected in VAS2026SDE01_01.jpg.
2026-07-27 14:35:24,205 | WARNING  | services.face_recognition_engine | Skipping VAS2026SDE01_04.jpg during enrollment: No face detected in VAS2026SDE01_04.jpg.
2026-07-27 14:35:25,650 | INFO     | services.encoding_cache | Encoding cache saved to C:\Users\HP\OneDrive\Documents\Desktop\VAYUROME Working\VS Code\VAS Attendance System\smart_attendance_system\database\encodings.pkl
2026-07-27 14:35:25,650 | INFO     | services.encoding_cache | Set 3 encoding(s) for VAS2026SDE01
2026-07-27 14:35:25,651 | INFO     | services.face_recognition_engine | Enrolled VAS2026SDE01: 3/5 photos encoded successfully.
2026-07-27 14:36:06,493 | INFO     | utils.bootstrap | Directory bootstrap complete. 6 directories verified.
2026-07-27 14:36:16,356 | INFO     | services.database_manager | Database schema verified/created at C:\Users\HP\OneDrive\Documents\Desktop\VAYUROME Working\VS Code\VAS Attendance System\smart_attendance_system\database\employee_data.db
2026-07-27 14:36:33,750 | INFO     | services.camera_manager | Camera opened (backend=OpenCVWebcamSource, 1280x720)
2026-07-27 14:37:01,578 | INFO     | services.camera_manager | Camera released.
2026-07-27 14:37:01,580 | INFO     | services.encoding_cache | No existing encoding cache found at C:\Users\HP\OneDrive\Documents\Desktop\VAYUROME Working\VS Code\VAS Attendance System\smart_attendance_system\database\encodings.pkl - starting empty.
2026-07-27 14:37:01,588 | INFO     | services.database_manager | Database schema verified/created at C:\Users\HP\OneDrive\Documents\Desktop\VAYUROME Working\VS Code\VAS Attendance System\smart_attendance_system\database\employee_data.db
2026-07-27 14:37:10,251 | WARNING  | services.face_recognition_engine | Skipping VAS2026SDE01_03.jpg during enrollment: No face detected in VAS2026SDE01_03.jpg.
2026-07-27 14:37:11,398 | WARNING  | services.face_recognition_engine | Skipping VAS2026SDE01_04.jpg during enrollment: No face detected in VAS2026SDE01_04.jpg.
2026-07-27 14:37:13,382 | INFO     | services.encoding_cache | Encoding cache saved to C:\Users\HP\OneDrive\Documents\Desktop\VAYUROME Working\VS Code\VAS Attendance System\smart_attendance_system\database\encodings.pkl
2026-07-27 14:37:13,382 | INFO     | services.encoding_cache | Set 3 encoding(s) for VAS2026SDE01
2026-07-27 14:37:13,384 | INFO     | services.face_recognition_engine | Enrolled VAS2026SDE01: 3/5 photos encoded successfully.
2026-07-27 14:37:44,434 | INFO     | utils.bootstrap | Directory bootstrap complete. 6 directories verified.
2026-07-27 14:38:02,038 | INFO     | services.database_manager | Database schema verified/created at C:\Users\HP\OneDrive\Documents\Desktop\VAYUROME Working\VS Code\VAS Attendance System\smart_attendance_system\database\employee_data.db
2026-07-27 14:38:16,433 | INFO     | services.camera_manager | Camera opened (backend=OpenCVWebcamSource, 1280x720)
2026-07-27 14:38:31,407 | INFO     | services.camera_manager | Camera released.
2026-07-27 14:38:31,409 | INFO     | services.encoding_cache | No existing encoding cache found at C:\Users\HP\OneDrive\Documents\Desktop\VAYUROME Working\VS Code\VAS Attendance System\smart_attendance_system\database\encodings.pkl - starting empty.
2026-07-27 14:38:31,430 | INFO     | services.database_manager | Database schema verified/created at C:\Users\HP\OneDrive\Documents\Desktop\VAYUROME Working\VS Code\VAS Attendance System\smart_attendance_system\database\employee_data.db
2026-07-27 14:38:33,513 | WARNING  | services.face_recognition_engine | Skipping VAS2026SDE01_01.jpg during enrollment: Multiple faces detected in VAS2026SDE01_01.jpg.
2026-07-27 14:38:35,388 | WARNING  | services.face_recognition_engine | Skipping VAS2026SDE01_02.jpg during enrollment: Multiple faces detected in VAS2026SDE01_02.jpg.
2026-07-27 14:38:40,658 | WARNING  | services.face_recognition_engine | Skipping VAS2026SDE01_04.jpg during enrollment: No face detected in VAS2026SDE01_04.jpg.
2026-07-27 14:38:43,811 | INFO     | services.encoding_cache | Encoding cache saved to C:\Users\HP\OneDrive\Documents\Desktop\VAYUROME Working\VS Code\VAS Attendance System\smart_attendance_system\database\encodings.pkl
2026-07-27 14:38:43,814 | INFO     | services.encoding_cache | Set 2 encoding(s) for VAS2026SDE01
2026-07-27 14:38:43,814 | INFO     | services.face_recognition_engine | Enrolled VAS2026SDE01: 2/5 photos encoded successfully.
2026-07-27 14:39:07,657 | INFO     | utils.bootstrap | Directory bootstrap complete. 6 directories verified.
2026-07-27 14:39:07,723 | INFO     | services.encoding_cache | Loaded encoding cache: 1 employee(s), 2 total encoding(s).
2026-07-27 14:39:07,728 | INFO     | services.database_manager | Database schema verified/created at C:\Users\HP\OneDrive\Documents\Desktop\VAYUROME Working\VS Code\VAS Attendance System\smart_attendance_system\database\employee_data.db
2026-07-27 14:39:16,732 | INFO     | services.camera_manager | Camera opened (backend=OpenCVWebcamSource, 1280x720)
2026-07-27 14:39:30,311 | INFO     | services.camera_manager | Camera released.
2026-07-27 14:40:09,413 | INFO     | __main__ | Smart Attendance System starting up.
2026-07-27 14:40:09,413 | INFO     | utils.bootstrap | Directory bootstrap complete. 6 directories verified.
2026-07-27 14:40:11,905 | INFO     | services.database_manager | Database schema verified/created at C:\Users\HP\OneDrive\Documents\Desktop\VAYUROME Working\VS Code\VAS Attendance System\smart_attendance_system\database\employee_data.db
2026-07-27 14:40:21,531 | INFO     | services.auth_manager | Admin login successful: admin
2026-07-27 14:40:21,661 | INFO     | services.database_manager | Database schema verified/created at C:\Users\HP\OneDrive\Documents\Desktop\VAYUROME Working\VS Code\VAS Attendance System\smart_attendance_system\database\employee_data.db
2026-07-27 14:40:21,662 | INFO     | services.encoding_cache | Loaded encoding cache: 1 employee(s), 2 total encoding(s).
2026-07-27 14:40:29,123 | INFO     | services.camera_manager | Camera opened (backend=OpenCVWebcamSource, 1280x720)
2026-07-27 14:40:30,080 | INFO     | services.attendance_manager | Attendance marked: Harsh Kapoor (VAS2026SDE01) at 14:40:30, confidence 65.3%
2026-07-27 14:40:30,082 | INFO     | services.notification_manager | [attendance/success] Attendance marked: Harsh Kapoor at 14:40:30 (65.3% confidence)
2026-07-27 14:40:43,341 | INFO     | services.notification_manager | [unknown_face/warning] Unknown person detected by camera.
2026-07-27 14:42:03,565 | INFO     | services.notification_manager | [unknown_face/warning] Unknown person detected by camera.
2026-07-27 14:42:17,071 | INFO     | services.notification_manager | [unknown_face/warning] Unknown person detected by camera.
2026-07-27 14:42:17,496 | INFO     | services.notification_manager | [unknown_face/warning] Unknown person detected by camera.
2026-07-27 14:42:17,962 | INFO     | services.notification_manager | [unknown_face/warning] Unknown person detected by camera.
2026-07-27 14:42:18,361 | INFO     | services.notification_manager | [unknown_face/warning] Unknown person detected by camera.
2026-07-27 14:42:18,750 | INFO     | services.notification_manager | [unknown_face/warning] Unknown person detected by camera.
2026-07-27 14:42:19,099 | INFO     | services.notification_manager | [unknown_face/warning] Unknown person detected by camera.
2026-07-27 14:42:20,152 | INFO     | services.notification_manager | [unknown_face/warning] Unknown person detected by camera.
2026-07-27 14:42:20,516 | INFO     | services.notification_manager | [unknown_face/warning] Unknown person detected by camera.
2026-07-27 14:42:32,983 | INFO     | services.notification_manager | [unknown_face/warning] Unknown person detected by camera.
2026-07-27 14:42:33,701 | INFO     | services.notification_manager | [unknown_face/warning] Unknown person detected by camera.
2026-07-27 14:43:14,541 | INFO     | services.notification_manager | [unknown_face/warning] Unknown person detected by camera.
2026-07-27 14:43:15,692 | INFO     | services.notification_manager | [unknown_face/warning] Unknown person detected by camera.
2026-07-27 14:43:35,002 | INFO     | services.notification_manager | [unknown_face/warning] Unknown person detected by camera.
2026-07-27 14:43:35,844 | INFO     | services.notification_manager | [unknown_face/warning] Unknown person detected by camera.
2026-07-27 14:43:36,274 | INFO     | services.notification_manager | [unknown_face/warning] Unknown person detected by camera.
2026-07-27 14:43:44,563 | INFO     | services.notification_manager | [unknown_face/warning] Unknown person detected by camera.
2026-07-27 14:44:31,786 | INFO     | services.auth_manager | Admin logged out: admin
2026-07-27 14:44:32,113 | INFO     | services.camera_manager | Camera released.
2026-07-27 14:44:32,406 | INFO     | __main__ | Smart Attendance System shut down normally.
2026-07-27 14:45:56,690 | INFO     | __main__ | Smart Attendance System starting up.
2026-07-27 14:45:56,690 | INFO     | utils.bootstrap | Directory bootstrap complete. 6 directories verified.
2026-07-27 14:45:58,770 | INFO     | services.database_manager | Database schema verified/created at C:\Users\HP\OneDrive\Documents\Desktop\VAYUROME Working\VS Code\VAS Attendance System\smart_attendance_system\database\employee_data.db
2026-07-27 14:46:05,430 | INFO     | services.auth_manager | Admin login successful: admin
2026-07-27 14:46:05,533 | INFO     | services.database_manager | Database schema verified/created at C:\Users\HP\OneDrive\Documents\Desktop\VAYUROME Working\VS Code\VAS Attendance System\smart_attendance_system\database\employee_data.db
2026-07-27 14:46:05,533 | INFO     | services.encoding_cache | Loaded encoding cache: 1 employee(s), 2 total encoding(s).
2026-07-27 14:46:11,834 | INFO     | services.camera_manager | Camera opened (backend=OpenCVWebcamSource, 1280x720)
2026-07-27 14:46:45,200 | INFO     | services.notification_manager | [unknown_face/warning] Unknown person detected by camera.
2026-07-27 14:46:46,745 | INFO     | services.notification_manager | [unknown_face/warning] Unknown person detected by camera.
2026-07-27 14:46:48,229 | INFO     | services.notification_manager | [unknown_face/warning] Unknown person detected by camera.
2026-07-27 14:46:57,007 | INFO     | services.notification_manager | [unknown_face/warning] Unknown person detected by camera.
2026-07-27 14:47:22,315 | INFO     | services.notification_manager | [unknown_face/warning] Unknown person detected by camera.
2026-07-27 14:47:22,657 | INFO     | services.notification_manager | [unknown_face/warning] Unknown person detected by camera.
2026-07-27 14:47:23,343 | INFO     | services.notification_manager | [unknown_face/warning] Unknown person detected by camera.
2026-07-27 14:47:25,733 | INFO     | services.notification_manager | [unknown_face/warning] Unknown person detected by camera.
2026-07-27 14:47:26,082 | INFO     | services.notification_manager | [unknown_face/warning] Unknown person detected by camera.
2026-07-27 14:47:26,434 | INFO     | services.notification_manager | [unknown_face/warning] Unknown person detected by camera.
2026-07-27 14:48:03,465 | INFO     | services.notification_manager | [unknown_face/warning] Unknown person detected by camera.
2026-07-27 14:48:43,624 | INFO     | services.notification_manager | [unknown_face/warning] Unknown person detected by camera.
2026-07-27 14:49:10,313 | INFO     | services.notification_manager | [unknown_face/warning] Unknown person detected by camera.
2026-07-27 14:49:10,743 | INFO     | services.notification_manager | [unknown_face/warning] Unknown person detected by camera.
2026-07-27 14:49:11,156 | INFO     | services.notification_manager | [unknown_face/warning] Unknown person detected by camera.
2026-07-27 14:49:11,622 | INFO     | services.notification_manager | [unknown_face/warning] Unknown person detected by camera.
2026-07-27 14:49:11,995 | INFO     | services.notification_manager | [unknown_face/warning] Unknown person detected by camera.
2026-07-27 14:49:12,393 | INFO     | services.notification_manager | [unknown_face/warning] Unknown person detected by camera.
2026-07-27 14:49:12,855 | INFO     | services.notification_manager | [unknown_face/warning] Unknown person detected by camera.
2026-07-27 14:49:13,268 | INFO     | services.notification_manager | [unknown_face/warning] Unknown person detected by camera.
2026-07-27 14:49:13,683 | INFO     | services.notification_manager | [unknown_face/warning] Unknown person detected by camera.
2026-07-27 14:49:14,079 | INFO     | services.notification_manager | [unknown_face/warning] Unknown person detected by camera.
2026-07-27 14:49:14,478 | INFO     | services.notification_manager | [unknown_face/warning] Unknown person detected by camera.
2026-07-27 14:49:14,891 | INFO     | services.notification_manager | [unknown_face/warning] Unknown person detected by camera.
2026-07-27 14:49:15,320 | INFO     | services.notification_manager | [unknown_face/warning] Unknown person detected by camera.
2026-07-27 14:49:15,817 | INFO     | services.notification_manager | [unknown_face/warning] Unknown person detected by camera.
2026-07-27 14:49:16,274 | INFO     | services.notification_manager | [unknown_face/warning] Unknown person detected by camera.
2026-07-27 14:49:16,718 | INFO     | services.notification_manager | [unknown_face/warning] Unknown person detected by camera.
2026-07-27 14:49:17,171 | INFO     | services.notification_manager | [unknown_face/warning] Unknown person detected by camera.
2026-07-27 14:49:17,628 | INFO     | services.notification_manager | [unknown_face/warning] Unknown person detected by camera.
2026-07-27 14:49:18,027 | INFO     | services.notification_manager | [unknown_face/warning] Unknown person detected by camera.
2026-07-27 14:49:18,442 | INFO     | services.notification_manager | [unknown_face/warning] Unknown person detected by camera.
2026-07-27 14:49:18,905 | INFO     | services.notification_manager | [unknown_face/warning] Unknown person detected by camera.
2026-07-27 14:49:19,372 | INFO     | services.notification_manager | [unknown_face/warning] Unknown person detected by camera.
2026-07-27 14:49:19,899 | INFO     | services.notification_manager | [unknown_face/warning] Unknown person detected by camera.
2026-07-27 14:49:20,469 | INFO     | services.notification_manager | [unknown_face/warning] Unknown person detected by camera.
2026-07-27 14:49:21,024 | INFO     | services.notification_manager | [unknown_face/warning] Unknown person detected by camera.
2026-07-27 14:49:21,502 | INFO     | services.notification_manager | [unknown_face/warning] Unknown person detected by camera.
2026-07-27 14:49:21,919 | INFO     | services.notification_manager | [unknown_face/warning] Unknown person detected by camera.
2026-07-27 14:49:22,362 | INFO     | services.notification_manager | [unknown_face/warning] Unknown person detected by camera.
2026-07-27 14:49:22,803 | INFO     | services.notification_manager | [unknown_face/warning] Unknown person detected by camera.
2026-07-27 14:49:23,271 | INFO     | services.notification_manager | [unknown_face/warning] Unknown person detected by camera.
2026-07-27 14:49:23,686 | INFO     | services.notification_manager | [unknown_face/warning] Unknown person detected by camera.
2026-07-27 14:49:24,097 | INFO     | services.notification_manager | [unknown_face/warning] Unknown person detected by camera.
2026-07-27 14:49:24,534 | INFO     | services.notification_manager | [unknown_face/warning] Unknown person detected by camera.
2026-07-27 14:49:24,933 | INFO     | services.notification_manager | [unknown_face/warning] Unknown person detected by camera.
2026-07-27 14:49:25,337 | INFO     | services.notification_manager | [unknown_face/warning] Unknown person detected by camera.
2026-07-27 14:49:25,761 | INFO     | services.notification_manager | [unknown_face/warning] Unknown person detected by camera.
2026-07-27 14:49:26,165 | INFO     | services.notification_manager | [unknown_face/warning] Unknown person detected by camera.
2026-07-27 14:49:26,587 | INFO     | services.notification_manager | [unknown_face/warning] Unknown person detected by camera.
2026-07-27 14:49:27,046 | INFO     | services.notification_manager | [unknown_face/warning] Unknown person detected by camera.
2026-07-27 14:49:27,458 | INFO     | services.notification_manager | [unknown_face/warning] Unknown person detected by camera.
2026-07-27 14:49:27,890 | INFO     | services.notification_manager | [unknown_face/warning] Unknown person detected by camera.
2026-07-27 14:49:28,317 | INFO     | services.notification_manager | [unknown_face/warning] Unknown person detected by camera.
2026-07-27 14:49:28,714 | INFO     | services.notification_manager | [unknown_face/warning] Unknown person detected by camera.
2026-07-27 14:49:29,193 | INFO     | services.notification_manager | [unknown_face/warning] Unknown person detected by camera.
2026-07-27 14:49:29,638 | INFO     | services.notification_manager | [unknown_face/warning] Unknown person detected by camera.
2026-07-27 14:49:30,041 | INFO     | services.notification_manager | [unknown_face/warning] Unknown person detected by camera.
2026-07-27 14:49:30,532 | INFO     | services.notification_manager | [unknown_face/warning] Unknown person detected by camera.
2026-07-27 14:49:31,076 | INFO     | services.notification_manager | [unknown_face/warning] Unknown person detected by camera.
2026-07-27 14:49:31,669 | INFO     | services.notification_manager | [unknown_face/warning] Unknown person detected by camera.
2026-07-27 14:49:32,196 | INFO     | services.notification_manager | [unknown_face/warning] Unknown person detected by camera.
2026-07-27 14:49:32,642 | INFO     | services.notification_manager | [unknown_face/warning] Unknown person detected by camera.
2026-07-27 14:49:33,078 | INFO     | services.notification_manager | [unknown_face/warning] Unknown person detected by camera.
2026-07-27 14:49:33,502 | INFO     | services.notification_manager | [unknown_face/warning] Unknown person detected by camera.
2026-07-27 14:49:33,932 | INFO     | services.notification_manager | [unknown_face/warning] Unknown person detected by camera.
2026-07-27 14:49:34,347 | INFO     | services.notification_manager | [unknown_face/warning] Unknown person detected by camera.
2026-07-27 14:49:34,783 | INFO     | services.notification_manager | [unknown_face/warning] Unknown person detected by camera.
2026-07-27 14:49:35,242 | INFO     | services.notification_manager | [unknown_face/warning] Unknown person detected by camera.
2026-07-27 14:49:35,656 | INFO     | services.notification_manager | [unknown_face/warning] Unknown person detected by camera.
2026-07-27 14:49:36,036 | INFO     | services.notification_manager | [unknown_face/warning] Unknown person detected by camera.
2026-07-27 14:49:36,436 | INFO     | services.notification_manager | [unknown_face/warning] Unknown person detected by camera.
2026-07-27 14:49:36,886 | INFO     | services.notification_manager | [unknown_face/warning] Unknown person detected by camera.
2026-07-27 14:49:37,314 | INFO     | services.notification_manager | [unknown_face/warning] Unknown person detected by camera.
2026-07-27 14:49:37,747 | INFO     | services.notification_manager | [unknown_face/warning] Unknown person detected by camera.
2026-07-27 14:49:38,158 | INFO     | services.notification_manager | [unknown_face/warning] Unknown person detected by camera.
2026-07-27 14:49:38,555 | INFO     | services.notification_manager | [unknown_face/warning] Unknown person detected by camera.
2026-07-27 14:49:38,972 | INFO     | services.notification_manager | [unknown_face/warning] Unknown person detected by camera.
2026-07-27 14:49:39,396 | INFO     | services.notification_manager | [unknown_face/warning] Unknown person detected by camera.
2026-07-27 14:49:39,859 | INFO     | services.notification_manager | [unknown_face/warning] Unknown person detected by camera.
2026-07-27 14:49:40,269 | INFO     | services.notification_manager | [unknown_face/warning] Unknown person detected by camera.
2026-07-27 14:49:40,700 | INFO     | services.notification_manager | [unknown_face/warning] Unknown person detected by camera.
2026-07-27 14:49:41,096 | INFO     | services.notification_manager | [unknown_face/warning] Unknown person detected by camera.
2026-07-27 14:49:41,536 | INFO     | services.notification_manager | [unknown_face/warning] Unknown person detected by camera.
2026-07-27 14:49:42,013 | INFO     | services.notification_manager | [unknown_face/warning] Unknown person detected by camera.
2026-07-27 14:49:42,564 | INFO     | services.notification_manager | [unknown_face/warning] Unknown person detected by camera.
2026-07-27 14:49:43,098 | INFO     | services.notification_manager | [unknown_face/warning] Unknown person detected by camera.
2026-07-27 14:49:43,530 | INFO     | services.notification_manager | [unknown_face/warning] Unknown person detected by camera.
2026-07-27 14:49:43,940 | INFO     | services.notification_manager | [unknown_face/warning] Unknown person detected by camera.
2026-07-27 14:49:44,361 | INFO     | services.notification_manager | [unknown_face/warning] Unknown person detected by camera.
2026-07-27 14:49:44,755 | INFO     | services.notification_manager | [unknown_face/warning] Unknown person detected by camera.
2026-07-27 14:49:45,236 | INFO     | services.notification_manager | [unknown_face/warning] Unknown person detected by camera.
2026-07-27 14:49:45,815 | INFO     | services.notification_manager | [unknown_face/warning] Unknown person detected by camera.
2026-07-27 14:49:46,423 | INFO     | services.notification_manager | [unknown_face/warning] Unknown person detected by camera.
2026-07-27 14:49:47,052 | INFO     | services.notification_manager | [unknown_face/warning] Unknown person detected by camera.
2026-07-27 14:49:47,631 | INFO     | services.notification_manager | [unknown_face/warning] Unknown person detected by camera.
2026-07-27 14:49:48,220 | INFO     | services.notification_manager | [unknown_face/warning] Unknown person detected by camera.
2026-07-27 14:49:48,759 | INFO     | services.notification_manager | [unknown_face/warning] Unknown person detected by camera.
2026-07-27 14:49:49,381 | INFO     | services.notification_manager | [unknown_face/warning] Unknown person detected by camera.
2026-07-27 14:49:49,934 | INFO     | services.notification_manager | [unknown_face/warning] Unknown person detected by camera.
2026-07-27 14:49:50,494 | INFO     | services.notification_manager | [unknown_face/warning] Unknown person detected by camera.
2026-07-27 14:49:51,055 | INFO     | services.notification_manager | [unknown_face/warning] Unknown person detected by camera.
2026-07-27 14:49:51,501 | INFO     | services.notification_manager | [unknown_face/warning] Unknown person detected by camera.
2026-07-27 14:49:52,024 | INFO     | services.notification_manager | [unknown_face/warning] Unknown person detected by camera.
2026-07-27 14:49:52,538 | INFO     | services.notification_manager | [unknown_face/warning] Unknown person detected by camera.
2026-07-27 14:49:53,043 | INFO     | services.notification_manager | [unknown_face/warning] Unknown person detected by camera.
2026-07-27 14:49:53,567 | INFO     | services.notification_manager | [unknown_face/warning] Unknown person detected by camera.
2026-07-27 14:49:54,164 | INFO     | services.notification_manager | [unknown_face/warning] Unknown person detected by camera.
2026-07-27 14:49:54,672 | INFO     | services.notification_manager | [unknown_face/warning] Unknown person detected by camera.
2026-07-27 14:49:55,126 | INFO     | services.notification_manager | [unknown_face/warning] Unknown person detected by camera.
2026-07-27 14:49:55,585 | INFO     | services.notification_manager | [unknown_face/warning] Unknown person detected by camera.
2026-07-27 14:49:56,031 | INFO     | services.notification_manager | [unknown_face/warning] Unknown person detected by camera.
2026-07-27 14:49:56,477 | INFO     | services.notification_manager | [unknown_face/warning] Unknown person detected by camera.
2026-07-27 14:49:56,957 | INFO     | services.notification_manager | [unknown_face/warning] Unknown person detected by camera.
2026-07-27 14:49:57,467 | INFO     | services.notification_manager | [unknown_face/warning] Unknown person detected by camera.
2026-07-27 14:49:57,943 | INFO     | services.notification_manager | [unknown_face/warning] Unknown person detected by camera.
2026-07-27 14:49:58,404 | INFO     | services.notification_manager | [unknown_face/warning] Unknown person detected by camera.
2026-07-27 14:49:58,802 | INFO     | services.notification_manager | [unknown_face/warning] Unknown person detected by camera.
2026-07-27 14:49:59,177 | INFO     | services.notification_manager | [unknown_face/warning] Unknown person detected by camera.
2026-07-27 14:49:59,545 | INFO     | services.notification_manager | [unknown_face/warning] Unknown person detected by camera.
2026-07-27 14:49:59,933 | INFO     | services.notification_manager | [unknown_face/warning] Unknown person detected by camera.
2026-07-27 14:50:00,346 | INFO     | services.notification_manager | [unknown_face/warning] Unknown person detected by camera.
2026-07-27 14:50:00,793 | INFO     | services.notification_manager | [unknown_face/warning] Unknown person detected by camera.
2026-07-27 14:50:01,189 | INFO     | services.notification_manager | [unknown_face/warning] Unknown person detected by camera.
2026-07-27 14:50:01,557 | INFO     | services.notification_manager | [unknown_face/warning] Unknown person detected by camera.
2026-07-27 14:50:01,942 | INFO     | services.notification_manager | [unknown_face/warning] Unknown person detected by camera.
2026-07-27 14:50:02,417 | INFO     | services.notification_manager | [unknown_face/warning] Unknown person detected by camera.
2026-07-27 14:50:02,816 | INFO     | services.notification_manager | [unknown_face/warning] Unknown person detected by camera.
2026-07-27 14:50:03,178 | INFO     | services.notification_manager | [unknown_face/warning] Unknown person detected by camera.
2026-07-27 14:50:03,521 | INFO     | services.notification_manager | [unknown_face/warning] Unknown person detected by camera.
2026-07-27 14:50:03,904 | INFO     | services.notification_manager | [unknown_face/warning] Unknown person detected by camera.
2026-07-27 14:50:04,284 | INFO     | services.notification_manager | [unknown_face/warning] Unknown person detected by camera.
2026-07-27 14:50:04,731 | INFO     | services.notification_manager | [unknown_face/warning] Unknown person detected by camera.
2026-07-27 14:50:05,240 | INFO     | services.notification_manager | [unknown_face/warning] Unknown person detected by camera.
2026-07-27 14:50:05,641 | INFO     | services.notification_manager | [unknown_face/warning] Unknown person detected by camera.
2026-07-27 14:50:05,990 | INFO     | services.notification_manager | [unknown_face/warning] Unknown person detected by camera.
2026-07-27 14:50:06,358 | INFO     | services.notification_manager | [unknown_face/warning] Unknown person detected by camera.
2026-07-27 14:50:06,719 | INFO     | services.notification_manager | [unknown_face/warning] Unknown person detected by camera.
2026-07-27 14:50:07,101 | INFO     | services.notification_manager | [unknown_face/warning] Unknown person detected by camera.
2026-07-27 14:50:07,489 | INFO     | services.notification_manager | [unknown_face/warning] Unknown person detected by camera.
2026-07-27 14:50:07,845 | INFO     | services.notification_manager | [unknown_face/warning] Unknown person detected by camera.
2026-07-27 14:50:08,193 | INFO     | services.notification_manager | [unknown_face/warning] Unknown person detected by camera.
2026-07-27 14:50:08,546 | INFO     | services.notification_manager | [unknown_face/warning] Unknown person detected by camera.
2026-07-27 14:50:08,897 | INFO     | services.notification_manager | [unknown_face/warning] Unknown person detected by camera.
2026-07-27 14:50:09,267 | INFO     | services.notification_manager | [unknown_face/warning] Unknown person detected by camera.
2026-07-27 14:50:09,616 | INFO     | services.notification_manager | [unknown_face/warning] Unknown person detected by camera.
2026-07-27 14:50:09,977 | INFO     | services.notification_manager | [unknown_face/warning] Unknown person detected by camera.
2026-07-27 14:50:10,319 | INFO     | services.notification_manager | [unknown_face/warning] Unknown person detected by camera.
2026-07-27 14:50:10,696 | INFO     | services.notification_manager | [unknown_face/warning] Unknown person detected by camera.
2026-07-27 14:50:11,035 | INFO     | services.notification_manager | [unknown_face/warning] Unknown person detected by camera.
2026-07-27 14:50:11,399 | INFO     | services.notification_manager | [unknown_face/warning] Unknown person detected by camera.
2026-07-27 14:50:11,738 | INFO     | services.notification_manager | [unknown_face/warning] Unknown person detected by camera.
2026-07-27 14:50:12,115 | INFO     | services.notification_manager | [unknown_face/warning] Unknown person detected by camera.
2026-07-27 14:50:12,483 | INFO     | services.notification_manager | [unknown_face/warning] Unknown person detected by camera.
2026-07-27 14:50:12,837 | INFO     | services.notification_manager | [unknown_face/warning] Unknown person detected by camera.
2026-07-27 14:50:13,187 | INFO     | services.notification_manager | [unknown_face/warning] Unknown person detected by camera.
2026-07-27 14:50:13,535 | INFO     | services.notification_manager | [unknown_face/warning] Unknown person detected by camera.
2026-07-27 14:50:13,885 | INFO     | services.notification_manager | [unknown_face/warning] Unknown person detected by camera.
2026-07-27 14:50:14,239 | INFO     | services.notification_manager | [unknown_face/warning] Unknown person detected by camera.
2026-07-27 14:50:14,610 | INFO     | services.notification_manager | [unknown_face/warning] Unknown person detected by camera.
2026-07-27 14:50:14,977 | INFO     | services.notification_manager | [unknown_face/warning] Unknown person detected by camera.
2026-07-27 14:50:15,382 | INFO     | services.notification_manager | [unknown_face/warning] Unknown person detected by camera.
2026-07-27 14:50:15,825 | INFO     | services.notification_manager | [unknown_face/warning] Unknown person detected by camera.
2026-07-27 14:50:16,216 | INFO     | services.notification_manager | [unknown_face/warning] Unknown person detected by camera.
2026-07-27 14:50:16,603 | INFO     | services.notification_manager | [unknown_face/warning] Unknown person detected by camera.
2026-07-27 14:50:16,954 | INFO     | services.notification_manager | [unknown_face/warning] Unknown person detected by camera.
2026-07-27 14:50:17,306 | INFO     | services.notification_manager | [unknown_face/warning] Unknown person detected by camera.
2026-07-27 14:50:17,720 | INFO     | services.notification_manager | [unknown_face/warning] Unknown person detected by camera.
2026-07-27 14:50:18,091 | INFO     | services.notification_manager | [unknown_face/warning] Unknown person detected by camera.
2026-07-27 14:50:18,464 | INFO     | services.notification_manager | [unknown_face/warning] Unknown person detected by camera.
2026-07-27 14:50:18,831 | INFO     | services.notification_manager | [unknown_face/warning] Unknown person detected by camera.
2026-07-27 14:50:19,174 | INFO     | services.notification_manager | [unknown_face/warning] Unknown person detected by camera.
2026-07-27 14:50:19,517 | INFO     | services.notification_manager | [unknown_face/warning] Unknown person detected by camera.
2026-07-27 14:50:19,887 | INFO     | services.notification_manager | [unknown_face/warning] Unknown person detected by camera.
2026-07-27 14:50:20,224 | INFO     | services.notification_manager | [unknown_face/warning] Unknown person detected by camera.
2026-07-27 14:50:20,584 | INFO     | services.notification_manager | [unknown_face/warning] Unknown person detected by camera.
2026-07-27 14:50:20,929 | INFO     | services.notification_manager | [unknown_face/warning] Unknown person detected by camera.
2026-07-27 14:50:21,279 | INFO     | services.notification_manager | [unknown_face/warning] Unknown person detected by camera.
2026-07-27 14:50:21,631 | INFO     | services.notification_manager | [unknown_face/warning] Unknown person detected by camera.
2026-07-27 14:50:21,978 | INFO     | services.notification_manager | [unknown_face/warning] Unknown person detected by camera.
2026-07-27 14:50:22,329 | INFO     | services.notification_manager | [unknown_face/warning] Unknown person detected by camera.
2026-07-27 14:50:22,712 | INFO     | services.notification_manager | [unknown_face/warning] Unknown person detected by camera.
2026-07-27 14:50:23,079 | INFO     | services.notification_manager | [unknown_face/warning] Unknown person detected by camera.
2026-07-27 14:50:23,430 | INFO     | services.notification_manager | [unknown_face/warning] Unknown person detected by camera.
2026-07-27 14:50:23,816 | INFO     | services.notification_manager | [unknown_face/warning] Unknown person detected by camera.
2026-07-27 14:50:24,169 | INFO     | services.notification_manager | [unknown_face/warning] Unknown person detected by camera.
2026-07-27 14:50:24,518 | INFO     | services.notification_manager | [unknown_face/warning] Unknown person detected by camera.
2026-07-27 14:50:24,880 | INFO     | services.notification_manager | [unknown_face/warning] Unknown person detected by camera.
2026-07-27 14:50:25,235 | INFO     | services.notification_manager | [unknown_face/warning] Unknown person detected by camera.
2026-07-27 14:50:25,683 | INFO     | services.notification_manager | [unknown_face/warning] Unknown person detected by camera.
2026-07-27 14:50:26,167 | INFO     | services.notification_manager | [unknown_face/warning] Unknown person detected by camera.
2026-07-27 14:50:26,796 | INFO     | services.notification_manager | [unknown_face/warning] Unknown person detected by camera.
2026-07-27 14:50:27,337 | INFO     | services.notification_manager | [unknown_face/warning] Unknown person detected by camera.
2026-07-27 14:50:27,819 | INFO     | services.notification_manager | [unknown_face/warning] Unknown person detected by camera.
2026-07-27 14:50:28,290 | INFO     | services.notification_manager | [unknown_face/warning] Unknown person detected by camera.
2026-07-27 14:50:28,717 | INFO     | services.notification_manager | [unknown_face/warning] Unknown person detected by camera.
2026-07-27 14:50:29,081 | INFO     | services.notification_manager | [unknown_face/warning] Unknown person detected by camera.
2026-07-27 14:50:29,487 | INFO     | services.notification_manager | [unknown_face/warning] Unknown person detected by camera.
2026-07-27 14:50:29,845 | INFO     | services.notification_manager | [unknown_face/warning] Unknown person detected by camera.
2026-07-27 14:50:30,208 | INFO     | services.notification_manager | [unknown_face/warning] Unknown person detected by camera.
2026-07-27 14:50:30,584 | INFO     | services.notification_manager | [unknown_face/warning] Unknown person detected by camera.
2026-07-27 14:50:30,951 | INFO     | services.notification_manager | [unknown_face/warning] Unknown person detected by camera.
2026-07-27 14:50:31,349 | INFO     | services.notification_manager | [unknown_face/warning] Unknown person detected by camera.
2026-07-27 14:50:31,733 | INFO     | services.notification_manager | [unknown_face/warning] Unknown person detected by camera.
2026-07-27 14:50:32,086 | INFO     | services.notification_manager | [unknown_face/warning] Unknown person detected by camera.
2026-07-27 14:50:32,447 | INFO     | services.notification_manager | [unknown_face/warning] Unknown person detected by camera.
2026-07-27 14:50:32,863 | INFO     | services.notification_manager | [unknown_face/warning] Unknown person detected by camera.
2026-07-27 14:50:33,237 | INFO     | services.notification_manager | [unknown_face/warning] Unknown person detected by camera.
2026-07-27 14:50:33,581 | INFO     | services.notification_manager | [unknown_face/warning] Unknown person detected by camera.
2026-07-27 14:50:33,941 | INFO     | services.notification_manager | [unknown_face/warning] Unknown person detected by camera.
2026-07-27 14:50:34,297 | INFO     | services.notification_manager | [unknown_face/warning] Unknown person detected by camera.
2026-07-27 14:50:34,641 | INFO     | services.notification_manager | [unknown_face/warning] Unknown person detected by camera.
2026-07-27 14:50:34,992 | INFO     | services.notification_manager | [unknown_face/warning] Unknown person detected by camera.
2026-07-27 14:50:35,363 | INFO     | services.notification_manager | [unknown_face/warning] Unknown person detected by camera.
2026-07-27 14:50:35,701 | INFO     | services.notification_manager | [unknown_face/warning] Unknown person detected by camera.
2026-07-27 14:50:36,066 | INFO     | services.notification_manager | [unknown_face/warning] Unknown person detected by camera.
2026-07-27 14:50:36,417 | INFO     | services.notification_manager | [unknown_face/warning] Unknown person detected by camera.
2026-07-27 14:50:36,768 | INFO     | services.notification_manager | [unknown_face/warning] Unknown person detected by camera.
2026-07-27 14:50:37,168 | INFO     | services.notification_manager | [unknown_face/warning] Unknown person detected by camera.
2026-07-27 14:50:37,644 | INFO     | services.notification_manager | [unknown_face/warning] Unknown person detected by camera.
2026-07-27 14:50:38,076 | INFO     | services.notification_manager | [unknown_face/warning] Unknown person detected by camera.
2026-07-27 14:50:38,471 | INFO     | services.notification_manager | [unknown_face/warning] Unknown person detected by camera.
2026-07-27 14:50:38,852 | INFO     | services.notification_manager | [unknown_face/warning] Unknown person detected by camera.
2026-07-27 14:50:39,232 | INFO     | services.notification_manager | [unknown_face/warning] Unknown person detected by camera.
2026-07-27 14:50:39,581 | INFO     | services.notification_manager | [unknown_face/warning] Unknown person detected by camera.
2026-07-27 14:50:39,944 | INFO     | services.notification_manager | [unknown_face/warning] Unknown person detected by camera.
2026-07-27 14:50:40,298 | INFO     | services.notification_manager | [unknown_face/warning] Unknown person detected by camera.
2026-07-27 14:50:40,643 | INFO     | services.notification_manager | [unknown_face/warning] Unknown person detected by camera.
2026-07-27 14:50:40,991 | INFO     | services.notification_manager | [unknown_face/warning] Unknown person detected by camera.
2026-07-27 14:50:41,358 | INFO     | services.notification_manager | [unknown_face/warning] Unknown person detected by camera.
2026-07-27 14:50:41,716 | INFO     | services.notification_manager | [unknown_face/warning] Unknown person detected by camera.
2026-07-27 14:50:42,073 | INFO     | services.notification_manager | [unknown_face/warning] Unknown person detected by camera.
2026-07-27 14:50:42,431 | INFO     | services.notification_manager | [unknown_face/warning] Unknown person detected by camera.
2026-07-27 14:50:42,797 | INFO     | services.notification_manager | [unknown_face/warning] Unknown person detected by camera.
2026-07-27 14:50:43,170 | INFO     | services.notification_manager | [unknown_face/warning] Unknown person detected by camera.
2026-07-27 14:50:43,547 | INFO     | services.notification_manager | [unknown_face/warning] Unknown person detected by camera.
2026-07-27 14:50:43,917 | INFO     | services.notification_manager | [unknown_face/warning] Unknown person detected by camera.
2026-07-27 14:50:44,270 | INFO     | services.notification_manager | [unknown_face/warning] Unknown person detected by camera.
2026-07-27 14:50:44,623 | INFO     | services.notification_manager | [unknown_face/warning] Unknown person detected by camera.
2026-07-27 14:50:44,988 | INFO     | services.notification_manager | [unknown_face/warning] Unknown person detected by camera.
2026-07-27 14:50:45,336 | INFO     | services.notification_manager | [unknown_face/warning] Unknown person detected by camera.
2026-07-27 14:50:45,691 | INFO     | services.notification_manager | [unknown_face/warning] Unknown person detected by camera.
2026-07-27 14:50:46,040 | INFO     | services.notification_manager | [unknown_face/warning] Unknown person detected by camera.
2026-07-27 14:50:46,410 | INFO     | services.notification_manager | [unknown_face/warning] Unknown person detected by camera.
2026-07-27 14:50:46,836 | INFO     | services.notification_manager | [unknown_face/warning] Unknown person detected by camera.
2026-07-27 14:50:47,219 | INFO     | services.notification_manager | [unknown_face/warning] Unknown person detected by camera.
2026-07-27 14:50:47,605 | INFO     | services.notification_manager | [unknown_face/warning] Unknown person detected by camera.
2026-07-27 14:50:48,060 | INFO     | services.notification_manager | [unknown_face/warning] Unknown person detected by camera.
2026-07-27 14:50:48,575 | INFO     | services.notification_manager | [unknown_face/warning] Unknown person detected by camera.
2026-07-27 14:50:49,023 | INFO     | services.notification_manager | [unknown_face/warning] Unknown person detected by camera.
2026-07-27 14:50:49,386 | INFO     | services.notification_manager | [unknown_face/warning] Unknown person detected by camera.
2026-07-27 14:50:49,753 | INFO     | services.notification_manager | [unknown_face/warning] Unknown person detected by camera.
2026-07-27 14:50:50,122 | INFO     | services.notification_manager | [unknown_face/warning] Unknown person detected by camera.
2026-07-27 14:50:50,467 | INFO     | services.notification_manager | [unknown_face/warning] Unknown person detected by camera.
2026-07-27 14:50:50,835 | INFO     | services.notification_manager | [unknown_face/warning] Unknown person detected by camera.
2026-07-27 14:50:51,203 | INFO     | services.notification_manager | [unknown_face/warning] Unknown person detected by camera.
2026-07-27 14:50:51,578 | INFO     | services.notification_manager | [unknown_face/warning] Unknown person detected by camera.
2026-07-27 14:50:51,951 | INFO     | services.notification_manager | [unknown_face/warning] Unknown person detected by camera.
2026-07-27 14:50:52,331 | INFO     | services.notification_manager | [unknown_face/warning] Unknown person detected by camera.
2026-07-27 14:50:52,686 | INFO     | services.notification_manager | [unknown_face/warning] Unknown person detected by camera.
2026-07-27 14:50:53,039 | INFO     | services.notification_manager | [unknown_face/warning] Unknown person detected by camera.
2026-07-27 14:50:53,452 | INFO     | services.notification_manager | [unknown_face/warning] Unknown person detected by camera.
2026-07-27 14:50:53,965 | INFO     | services.notification_manager | [unknown_face/warning] Unknown person detected by camera.
2026-07-27 14:50:54,583 | INFO     | services.notification_manager | [unknown_face/warning] Unknown person detected by camera.
2026-07-27 14:50:54,984 | INFO     | services.notification_manager | [unknown_face/warning] Unknown person detected by camera.
2026-07-27 14:50:55,366 | INFO     | services.notification_manager | [unknown_face/warning] Unknown person detected by camera.
2026-07-27 14:50:55,775 | INFO     | services.notification_manager | [unknown_face/warning] Unknown person detected by camera.
2026-07-27 14:50:56,206 | INFO     | services.notification_manager | [unknown_face/warning] Unknown person detected by camera.
2026-07-27 14:50:56,629 | INFO     | services.notification_manager | [unknown_face/warning] Unknown person detected by camera.
2026-07-27 14:50:57,065 | INFO     | services.notification_manager | [unknown_face/warning] Unknown person detected by camera.
2026-07-27 14:50:57,513 | INFO     | services.notification_manager | [unknown_face/warning] Unknown person detected by camera.
2026-07-27 14:50:57,973 | INFO     | services.notification_manager | [unknown_face/warning] Unknown person detected by camera.
2026-07-27 14:50:58,437 | INFO     | services.notification_manager | [unknown_face/warning] Unknown person detected by camera.
2026-07-27 14:50:58,453 | INFO     | services.database_manager | Employee added: VAS2026ADE02 (Shouvik)
2026-07-27 14:50:58,453 | INFO     | services.notification_manager | [system/info] New employee registered: Shouvik
2026-07-27 14:50:59,061 | INFO     | services.notification_manager | [unknown_face/warning] Unknown person detected by camera.
2026-07-27 14:50:59,663 | INFO     | services.notification_manager | [unknown_face/warning] Unknown person detected by camera.
2026-07-27 14:51:00,268 | INFO     | services.notification_manager | [unknown_face/warning] Unknown person detected by camera.
2026-07-27 14:51:00,801 | INFO     | services.notification_manager | [unknown_face/warning] Unknown person detected by camera.
2026-07-27 14:51:01,283 | INFO     | services.notification_manager | [unknown_face/warning] Unknown person detected by camera.
2026-07-27 14:51:01,665 | INFO     | services.notification_manager | [unknown_face/warning] Unknown person detected by camera.
2026-07-27 14:51:02,084 | INFO     | services.notification_manager | [unknown_face/warning] Unknown person detected by camera.
2026-07-27 14:51:02,583 | INFO     | services.notification_manager | [unknown_face/warning] Unknown person detected by camera.
2026-07-27 14:51:02,967 | INFO     | services.notification_manager | [unknown_face/warning] Unknown person detected by camera.
2026-07-27 14:51:03,338 | INFO     | services.notification_manager | [unknown_face/warning] Unknown person detected by camera.
2026-07-27 14:51:03,741 | INFO     | services.notification_manager | [unknown_face/warning] Unknown person detected by camera.
2026-07-27 14:51:04,129 | INFO     | services.notification_manager | [unknown_face/warning] Unknown person detected by camera.
2026-07-27 14:51:04,579 | INFO     | services.notification_manager | [unknown_face/warning] Unknown person detected by camera.
2026-07-27 14:51:09,692 | INFO     | services.notification_manager | [unknown_face/warning] Unknown person detected by camera.
2026-07-27 14:51:11,462 | INFO     | services.notification_manager | [unknown_face/warning] Unknown person detected by camera.
2026-07-27 14:51:12,079 | INFO     | services.notification_manager | [unknown_face/warning] Unknown person detected by camera.
2026-07-27 14:51:12,686 | INFO     | services.notification_manager | [unknown_face/warning] Unknown person detected by camera.
2026-07-27 14:51:13,315 | INFO     | services.notification_manager | [unknown_face/warning] Unknown person detected by camera.
2026-07-27 14:51:14,133 | INFO     | services.notification_manager | [unknown_face/warning] Unknown person detected by camera.
2026-07-27 14:51:14,864 | INFO     | services.notification_manager | [unknown_face/warning] Unknown person detected by camera.
2026-07-27 14:51:15,597 | INFO     | services.notification_manager | [unknown_face/warning] Unknown person detected by camera.
2026-07-27 14:51:16,263 | INFO     | services.notification_manager | [unknown_face/warning] Unknown person detected by camera.
2026-07-27 14:51:16,931 | INFO     | services.notification_manager | [unknown_face/warning] Unknown person detected by camera.
2026-07-27 14:51:17,492 | INFO     | services.notification_manager | [unknown_face/warning] Unknown person detected by camera.
2026-07-27 14:51:19,989 | INFO     | services.notification_manager | [unknown_face/warning] Unknown person detected by camera.
2026-07-27 14:51:21,347 | INFO     | services.notification_manager | [unknown_face/warning] Unknown person detected by camera.
2026-07-27 14:51:21,745 | INFO     | services.notification_manager | [unknown_face/warning] Unknown person detected by camera.
2026-07-27 14:51:22,221 | INFO     | services.notification_manager | [unknown_face/warning] Unknown person detected by camera.
2026-07-27 14:51:22,575 | INFO     | services.notification_manager | [unknown_face/warning] Unknown person detected by camera.
2026-07-27 14:51:23,568 | INFO     | services.notification_manager | [unknown_face/warning] Unknown person detected by camera.
2026-07-27 14:51:24,585 | INFO     | services.notification_manager | [unknown_face/warning] Unknown person detected by camera.
2026-07-27 14:51:25,157 | INFO     | services.notification_manager | [unknown_face/warning] Unknown person detected by camera.
2026-07-27 14:51:29,494 | INFO     | services.notification_manager | [unknown_face/warning] Unknown person detected by camera.
2026-07-27 14:51:30,147 | INFO     | services.notification_manager | [unknown_face/warning] Unknown person detected by camera.
2026-07-27 14:51:30,836 | INFO     | services.notification_manager | [unknown_face/warning] Unknown person detected by camera.
2026-07-27 14:51:31,631 | INFO     | services.notification_manager | [unknown_face/warning] Unknown person detected by camera.
2026-07-27 14:51:33,598 | INFO     | services.notification_manager | [unknown_face/warning] Unknown person detected by camera.
2026-07-27 14:51:34,493 | INFO     | services.notification_manager | [unknown_face/warning] Unknown person detected by camera.
2026-07-27 14:51:38,689 | INFO     | services.notification_manager | [unknown_face/warning] Unknown person detected by camera.
2026-07-27 14:51:39,802 | INFO     | services.notification_manager | [unknown_face/warning] Unknown person detected by camera.
2026-07-27 14:51:40,845 | INFO     | services.notification_manager | [unknown_face/warning] Unknown person detected by camera.
2026-07-27 14:51:41,742 | INFO     | services.notification_manager | [unknown_face/warning] Unknown person detected by camera.
2026-07-27 14:51:42,912 | INFO     | services.notification_manager | [unknown_face/warning] Unknown person detected by camera.
2026-07-27 14:51:58,305 | INFO     | services.notification_manager | [unknown_face/warning] Unknown person detected by camera.
2026-07-27 14:52:09,868 | INFO     | services.notification_manager | [unknown_face/warning] Unknown person detected by camera.
2026-07-27 14:52:24,440 | INFO     | services.notification_manager | [unknown_face/warning] Unknown person detected by camera.
2026-07-27 14:52:32,540 | INFO     | services.notification_manager | [unknown_face/warning] Unknown person detected by camera.
2026-07-27 14:52:33,691 | INFO     | services.notification_manager | [unknown_face/warning] Unknown person detected by camera.
2026-07-27 14:52:35,095 | ERROR    | gui.dashboard | Unhandled exception in GUI callback: 
Traceback (most recent call last):
  File "C:\Users\HP\AppData\Local\Programs\Python\Python311\Lib\tkinter\__init__.py", line 1967, in __call__
    return self.func(*args)
           ^^^^^^^^^^^^^^^^
  File "C:\Users\HP\AppData\Local\Programs\Python\Python311\Lib\tkinter\__init__.py", line 861, in callit
    func(*args)
  File "C:\Users\HP\OneDrive\Documents\Desktop\VAYUROME Working\VS Code\VAS Attendance System\smart_attendance_system\gui\dashboard.py", line 267, in _camera_tick
    results = self.face_engine.recognize_frame(frame)
              ^^^^^^^^^^^^^^^^^^^^^^^^^^^^^^^^^^^^^^^
  File "C:\Users\HP\OneDrive\Documents\Desktop\VAYUROME Working\VS Code\VAS Attendance System\smart_attendance_system\services\face_recognition_engine.py", line 262, in recognize_frame
    for location, encoding in self.detect_and_encode_frame(frame):
                              ^^^^^^^^^^^^^^^^^^^^^^^^^^^^^^^^^^^
  File "C:\Users\HP\OneDrive\Documents\Desktop\VAYUROME Working\VS Code\VAS Attendance System\smart_attendance_system\services\face_recognition_engine.py", line 205, in detect_and_encode_frame
    encodings = face_recognition.face_encodings(
                ^^^^^^^^^^^^^^^^^^^^^^^^^^^^^^^^
  File "C:\Users\HP\OneDrive\Documents\Desktop\VAYUROME Working\VS Code\VAS Attendance System\smart_attendance_system\venv\Lib\site-packages\face_recognition\api.py", line 214, in face_encodings
    return [np.array(face_encoder.compute_face_descriptor(face_image, raw_landmark_set, num_jitters)) for raw_landmark_set in raw_landmarks]
           ^^^^^^^^^^^^^^^^^^^^^^^^^^^^^^^^^^^^^^^^^^^^^^^^^^^^^^^^^^^^^^^^^^^^^^^^^^^^^^^^^^^^^^^^^^^^^^^^^^^^^^^^^^^^^^^^^^^^^^^^^^^^^^^^^
  File "C:\Users\HP\OneDrive\Documents\Desktop\VAYUROME Working\VS Code\VAS Attendance System\smart_attendance_system\venv\Lib\site-packages\face_recognition\api.py", line 214, in <listcomp>
    return [np.array(face_encoder.compute_face_descriptor(face_image, raw_landmark_set, num_jitters)) for raw_landmark_set in raw_landmarks]
                     ^^^^^^^^^^^^^^^^^^^^^^^^^^^^^^^^^^^^^^^^^^^^^^^^^^^^^^^^^^^^^^^^^^^^^^^^^^^^^^^
KeyboardInterrupt
2026-07-27 14:52:35,119 | INFO     | services.notification_manager | [system/error] Unexpected error: 
2026-07-27 14:53:50,333 | INFO     | services.camera_manager | Camera released.
2026-07-27 14:53:50,818 | INFO     | __main__ | Smart Attendance System shut down normally.
2026-07-27 14:56:05,437 | INFO     | utils.bootstrap | Directory bootstrap complete. 6 directories verified.
2026-07-27 14:56:29,778 | INFO     | services.database_manager | Database schema verified/created at C:\Users\HP\OneDrive\Documents\Desktop\VAYUROME Working\VS Code\VAS Attendance System\smart_attendance_system\database\employee_data.db
2026-07-27 14:56:35,223 | INFO     | services.camera_manager | Camera opened (backend=OpenCVWebcamSource, 1280x720)
2026-07-27 14:57:35,868 | INFO     | services.camera_manager | Camera released.
2026-07-27 14:57:35,876 | INFO     | services.encoding_cache | Loaded encoding cache: 1 employee(s), 2 total encoding(s).
2026-07-27 14:57:35,885 | INFO     | services.database_manager | Database schema verified/created at C:\Users\HP\OneDrive\Documents\Desktop\VAYUROME Working\VS Code\VAS Attendance System\smart_attendance_system\database\employee_data.db
2026-07-27 14:57:38,068 | WARNING  | services.face_recognition_engine | Skipping VAS2026ADE02_02.jpg during enrollment: No face detected in VAS2026ADE02_02.jpg.
2026-07-27 14:57:38,978 | WARNING  | services.face_recognition_engine | Skipping VAS2026ADE02_03.jpg during enrollment: No face detected in VAS2026ADE02_03.jpg.
2026-07-27 14:57:39,830 | WARNING  | services.face_recognition_engine | Skipping VAS2026ADE02_04.jpg during enrollment: No face detected in VAS2026ADE02_04.jpg.
2026-07-27 14:57:40,537 | WARNING  | services.face_recognition_engine | Skipping VAS2026ADE02_05.jpg during enrollment: No face detected in VAS2026ADE02_05.jpg.
2026-07-27 14:57:40,537 | INFO     | services.encoding_cache | Encoding cache saved to C:\Users\HP\OneDrive\Documents\Desktop\VAYUROME Working\VS Code\VAS Attendance System\smart_attendance_system\database\encodings.pkl
2026-07-27 14:57:40,537 | INFO     | services.encoding_cache | Set 1 encoding(s) for VAS2026ADE02
2026-07-27 14:57:40,537 | INFO     | services.face_recognition_engine | Enrolled VAS2026ADE02: 1/5 photos encoded successfully.
2026-07-27 14:58:47,679 | INFO     | utils.bootstrap | Directory bootstrap complete. 6 directories verified.
2026-07-27 14:58:47,722 | INFO     | services.encoding_cache | Loaded encoding cache: 2 employee(s), 3 total encoding(s).
2026-07-27 14:58:47,737 | INFO     | services.database_manager | Database schema verified/created at C:\Users\HP\OneDrive\Documents\Desktop\VAYUROME Working\VS Code\VAS Attendance System\smart_attendance_system\database\employee_data.db
2026-07-27 14:59:02,798 | INFO     | services.camera_manager | Camera opened (backend=OpenCVWebcamSource, 1280x720)
2026-07-27 15:00:38,390 | INFO     | __main__ | Smart Attendance System starting up.
2026-07-27 15:00:38,397 | INFO     | utils.bootstrap | Directory bootstrap complete. 6 directories verified.
2026-07-27 15:00:41,772 | INFO     | services.database_manager | Database schema verified/created at C:\Users\HP\OneDrive\Documents\Desktop\VAYUROME Working\VS Code\VAS Attendance System\smart_attendance_system\database\employee_data.db
2026-07-27 15:00:50,121 | INFO     | services.auth_manager | Admin login successful: admin
2026-07-27 15:00:50,320 | INFO     | services.database_manager | Database schema verified/created at C:\Users\HP\OneDrive\Documents\Desktop\VAYUROME Working\VS Code\VAS Attendance System\smart_attendance_system\database\employee_data.db
2026-07-27 15:00:50,323 | INFO     | services.encoding_cache | Loaded encoding cache: 2 employee(s), 3 total encoding(s).
2026-07-27 15:01:01,839 | INFO     | services.camera_manager | Camera opened (backend=OpenCVWebcamSource, 1280x720)
2026-07-27 15:01:21,694 | INFO     | services.notification_manager | [unknown_face/warning] Unknown person detected by camera.
2026-07-27 15:01:27,266 | INFO     | services.notification_manager | [unknown_face/warning] Unknown person detected by camera.
2026-07-27 15:01:27,268 | INFO     | services.notification_manager | [unknown_face/warning] Unknown person detected by camera.
2026-07-27 15:01:29,154 | INFO     | services.notification_manager | [unknown_face/warning] Unknown person detected by camera.
2026-07-27 15:01:30,206 | INFO     | services.notification_manager | [unknown_face/warning] Unknown person detected by camera.
2026-07-27 15:01:30,206 | INFO     | services.notification_manager | [unknown_face/warning] Unknown person detected by camera.
2026-07-27 15:01:31,400 | INFO     | services.notification_manager | [unknown_face/warning] Unknown person detected by camera.
2026-07-27 15:01:32,497 | INFO     | services.notification_manager | [unknown_face/warning] Unknown person detected by camera.
2026-07-27 15:01:33,536 | INFO     | services.notification_manager | [unknown_face/warning] Unknown person detected by camera.
2026-07-27 15:01:34,728 | INFO     | services.notification_manager | [unknown_face/warning] Unknown person detected by camera.
2026-07-27 15:01:35,730 | INFO     | services.notification_manager | [unknown_face/warning] Unknown person detected by camera.
2026-07-27 15:01:36,763 | INFO     | services.notification_manager | [unknown_face/warning] Unknown person detected by camera.
2026-07-27 15:01:37,308 | INFO     | services.notification_manager | [unknown_face/warning] Unknown person detected by camera.
2026-07-27 15:01:37,857 | INFO     | services.notification_manager | [unknown_face/warning] Unknown person detected by camera.
2026-07-27 15:01:38,362 | INFO     | services.notification_manager | [unknown_face/warning] Unknown person detected by camera.
2026-07-27 15:01:38,912 | INFO     | services.notification_manager | [unknown_face/warning] Unknown person detected by camera.
2026-07-27 15:01:39,477 | INFO     | services.notification_manager | [unknown_face/warning] Unknown person detected by camera.
2026-07-27 15:01:39,960 | INFO     | services.notification_manager | [unknown_face/warning] Unknown person detected by camera.
2026-07-27 15:01:40,526 | INFO     | services.notification_manager | [unknown_face/warning] Unknown person detected by camera.
2026-07-27 15:01:41,016 | INFO     | services.notification_manager | [unknown_face/warning] Unknown person detected by camera.
2026-07-27 15:01:41,501 | INFO     | services.notification_manager | [unknown_face/warning] Unknown person detected by camera.
2026-07-27 15:01:41,990 | INFO     | services.notification_manager | [unknown_face/warning] Unknown person detected by camera.
2026-07-27 15:01:42,572 | INFO     | services.notification_manager | [unknown_face/warning] Unknown person detected by camera.
2026-07-27 15:01:43,192 | INFO     | services.notification_manager | [unknown_face/warning] Unknown person detected by camera.
2026-07-27 15:01:43,812 | INFO     | services.notification_manager | [unknown_face/warning] Unknown person detected by camera.
2026-07-27 15:01:44,424 | INFO     | services.notification_manager | [unknown_face/warning] Unknown person detected by camera.
2026-07-27 15:01:45,460 | INFO     | services.notification_manager | [unknown_face/warning] Unknown person detected by camera.
2026-07-27 15:01:46,011 | INFO     | services.notification_manager | [unknown_face/warning] Unknown person detected by camera.
2026-07-27 15:01:46,522 | INFO     | services.notification_manager | [unknown_face/warning] Unknown person detected by camera.
2026-07-27 15:01:47,071 | INFO     | services.notification_manager | [unknown_face/warning] Unknown person detected by camera.
2026-07-27 15:01:47,676 | INFO     | services.notification_manager | [unknown_face/warning] Unknown person detected by camera.
2026-07-27 15:01:48,169 | INFO     | services.notification_manager | [unknown_face/warning] Unknown person detected by camera.
2026-07-27 15:01:48,649 | INFO     | services.notification_manager | [unknown_face/warning] Unknown person detected by camera.
2026-07-27 15:01:49,984 | INFO     | services.notification_manager | [unknown_face/warning] Unknown person detected by camera.
2026-07-27 15:01:50,502 | INFO     | services.notification_manager | [unknown_face/warning] Unknown person detected by camera.
2026-07-27 15:01:52,628 | INFO     | services.notification_manager | [unknown_face/warning] Unknown person detected by camera.
2026-07-27 15:01:53,000 | INFO     | services.camera_manager | Camera released.
2026-07-27 15:01:53,343 | INFO     | __main__ | Smart Attendance System shut down normally.
2026-08-03 12:45:06,131 | INFO     | __main__ | Smart Attendance System starting up.
2026-08-03 12:45:06,136 | INFO     | utils.bootstrap | Directory bootstrap complete. 6 directories verified.
2026-08-03 12:45:08,376 | INFO     | services.database_manager | Database schema verified/created at C:\Users\HP\OneDrive\Documents\Desktop\VAYUROME Working\VS Code\VAS Attendance System + hardware\smart_attendance_system\database\employee_data.db
2026-08-03 12:46:22,827 | WARNING  | services.auth_manager | Login failed: incorrect password for 'admin'.
2026-08-03 12:46:32,151 | WARNING  | services.auth_manager | Login failed: incorrect password for 'admin'.
2026-08-03 12:46:33,691 | WARNING  | services.auth_manager | Login failed: incorrect password for 'admin'.
2026-08-03 12:46:34,358 | WARNING  | services.auth_manager | Login failed: incorrect password for 'admin'.
2026-08-03 12:46:34,514 | WARNING  | services.auth_manager | Account locked for 60 second(s) after 5 failed login attempts.
2026-08-03 12:46:34,515 | WARNING  | services.auth_manager | Login failed: incorrect password for 'admin'.
2026-08-03 12:48:30,067 | INFO     | __main__ | Smart Attendance System starting up.
2026-08-03 12:48:30,068 | INFO     | utils.bootstrap | Directory bootstrap complete. 6 directories verified.
2026-08-03 12:48:32,243 | INFO     | services.database_manager | Database schema verified/created at C:\Users\HP\OneDrive\Documents\Desktop\VAYUROME Working\VS Code\VAS Attendance System + hardware\smart_attendance_system\database\employee_data.db
2026-08-03 12:50:51,967 | INFO     | __main__ | Smart Attendance System starting up.
2026-08-03 12:50:51,967 | INFO     | utils.bootstrap | Directory bootstrap complete. 6 directories verified.
2026-08-03 12:50:54,322 | INFO     | services.database_manager | Database schema verified/created at C:\Users\HP\OneDrive\Documents\Desktop\VAYUROME Working\VS Code\VAS Attendance System + hardware\smart_attendance_system\database\employee_data.db
2026-08-03 12:51:00,807 | WARNING  | services.auth_manager | Login failed: incorrect password for 'admin'.
2026-08-03 13:19:11,109 | INFO     | __main__ | Smart Attendance System shut down normally.
2026-08-03 13:26:05,787 | INFO     | __main__ | Smart Attendance System starting up.
2026-08-03 13:26:05,788 | INFO     | utils.bootstrap | Directory bootstrap complete. 6 directories verified.
2026-08-03 13:26:08,039 | INFO     | services.database_manager | Database schema verified/created at C:\Users\HP\OneDrive\Documents\Desktop\VAYUROME Working\VS Code\VAS Attendance System + hardware\smart_attendance_system\database\employee_data.db
2026-08-03 13:26:15,169 | WARNING  | services.auth_manager | Login failed: incorrect password for 'admin'.
2026-08-03 13:46:14,758 | INFO     | __main__ | Smart Attendance System starting up.
2026-08-03 13:46:14,759 | INFO     | utils.bootstrap | Directory bootstrap complete. 6 directories verified.
2026-08-03 13:46:17,019 | INFO     | services.database_manager | Database schema verified/created at C:\Users\HP\OneDrive\Documents\Desktop\VAYUROME Working\VS Code\VAS Attendance System + hardware\smart_attendance_system\database\employee_data.db
2026-08-03 13:46:25,628 | WARNING  | services.auth_manager | Login failed: incorrect password for 'admin'.
2026-08-03 13:46:56,740 | INFO     | services.database_manager | Database schema verified/created at C:\Users\HP\OneDrive\Documents\Desktop\VAYUROME Working\VS Code\VAS Attendance System + hardware\smart_attendance_system\database\employee_data.db
2026-08-03 13:49:27,638 | INFO     | services.database_manager | Database schema verified/created at C:\Users\HP\OneDrive\Documents\Desktop\VAYUROME Working\VS Code\VAS Attendance System + hardware\smart_attendance_system\database\employee_data.db
2026-08-03 13:49:58,756 | INFO     | services.database_manager | Database schema verified/created at C:\Users\HP\OneDrive\Documents\Desktop\VAYUROME Working\VS Code\VAS Attendance System + hardware\smart_attendance_system\database\employee_data.db
2026-08-03 13:49:58,876 | WARNING  | services.auth_manager | Login failed: incorrect password for 'admin'.
2026-08-03 13:50:56,726 | INFO     | __main__ | Smart Attendance System starting up.
2026-08-03 13:50:56,727 | INFO     | utils.bootstrap | Directory bootstrap complete. 6 directories verified.
2026-08-03 13:50:58,825 | INFO     | services.database_manager | Database schema verified/created at C:\Users\HP\OneDrive\Documents\Desktop\VAYUROME Working\VS Code\VAS Attendance System + hardware\smart_attendance_system\database\employee_data.db
2026-08-03 13:51:10,425 | INFO     | services.auth_manager | Admin login successful: admin
2026-08-03 13:51:10,603 | INFO     | services.database_manager | Database schema verified/created at C:\Users\HP\OneDrive\Documents\Desktop\VAYUROME Working\VS Code\VAS Attendance System + hardware\smart_attendance_system\database\employee_data.db
2026-08-03 13:51:10,642 | INFO     | services.encoding_cache | Loaded encoding cache: 2 employee(s), 3 total encoding(s).
2026-08-03 13:51:17,431 | INFO     | services.camera_manager | Camera opened (backend=OpenCVWebcamSource, 1280x720)
2026-08-03 13:51:18,252 | ERROR    | gui.dashboard | Unhandled exception in GUI callback: compute_face_descriptor(): incompatible function arguments. The following argument types are supported:
    1. (self: _dlib_pybind11.face_recognition_model_v1, img: numpy.ndarray[(rows,cols,3),numpy.uint8], face: _dlib_pybind11.full_object_detection, num_jitters: int = 0, padding: float = 0.25) -> _dlib_pybind11.vector
    2. (self: _dlib_pybind11.face_recognition_model_v1, img: numpy.ndarray[(rows,cols,3),numpy.uint8], num_jitters: int = 0) -> _dlib_pybind11.vector
    3. (self: _dlib_pybind11.face_recognition_model_v1, img: numpy.ndarray[(rows,cols,3),numpy.uint8], faces: _dlib_pybind11.full_object_detections, num_jitters: int = 0, padding: float = 0.25) -> _dlib_pybind11.vectors
    4. (self: _dlib_pybind11.face_recognition_model_v1, batch_img: list[numpy.ndarray[(rows,cols,3),numpy.uint8]], batch_faces: list[_dlib_pybind11.full_object_detections], num_jitters: int = 0, padding: float = 0.25) -> _dlib_pybind11.vectorss
    5. (self: _dlib_pybind11.face_recognition_model_v1, batch_img: list[numpy.ndarray[(rows,cols,3),numpy.uint8]], num_jitters: int = 0) -> _dlib_pybind11.vectors

Invoked with: <_dlib_pybind11.face_recognition_model_v1 object at 0x0000020EAA256530>, array([[[160, 189, 207],
        [161, 192, 204],
        [165, 199, 208],
        ...,
        [132, 153, 157],
        [125, 139, 148],
        [ 96, 108, 123]],

       [[168, 194, 209],
        [165, 192, 203],
        [166, 194, 207],
        ...,
        [136, 150, 152],
        [119, 132, 135],
        [ 95, 107, 112]],

       [[153, 170, 183],
        [174, 195, 205],
        [165, 191, 203],
        ...,
        [138, 153, 151],
        [123, 134, 135],
        [ 90, 108, 117]],

       ...,

       [[ 88, 101, 116],
        [ 65,  64,  78],
        [ 56,  58,  61],
        ...,
        [128, 129, 110],
        [123, 126, 104],
        [122, 126,  99]],

       [[ 77,  93, 126],
        [ 57,  59,  74],
        [ 52,  52,  61],
        ...,
        [122, 127, 105],
        [120, 125,  98],
        [119, 126,  99]],

       [[ 66,  88, 120],
        [ 49,  60,  73],
        [ 53,  54,  59],
        ...,
        [124, 126, 101],
        [117, 128, 104],
        [119, 125, 113]]], dtype=uint8), <_dlib_pybind11.full_object_detection object at 0x0000020EAA3E1430>, 1
Traceback (most recent call last):
  File "C:\Users\HP\AppData\Local\Programs\Python\Python311\Lib\tkinter\__init__.py", line 1967, in __call__
    return self.func(*args)
           ^^^^^^^^^^^^^^^^
  File "C:\Users\HP\AppData\Local\Programs\Python\Python311\Lib\tkinter\__init__.py", line 861, in callit
    func(*args)
  File "C:\Users\HP\OneDrive\Documents\Desktop\VAYUROME Working\VS Code\VAS Attendance System + hardware\smart_attendance_system\gui\dashboard.py", line 267, in _camera_tick
    results = self.face_engine.recognize_frame(frame)
              ^^^^^^^^^^^^^^^^^^^^^^^^^^^^^^^^^^^^^^^
  File "C:\Users\HP\OneDrive\Documents\Desktop\VAYUROME Working\VS Code\VAS Attendance System + hardware\smart_attendance_system\services\face_recognition_engine.py", line 239, in recognize_frame
    for location, encoding in self.detect_and_encode_frame(frame):
                              ^^^^^^^^^^^^^^^^^^^^^^^^^^^^^^^^^^^
  File "C:\Users\HP\OneDrive\Documents\Desktop\VAYUROME Working\VS Code\VAS Attendance System + hardware\smart_attendance_system\services\face_recognition_engine.py", line 182, in detect_and_encode_frame
    encodings = safe_face_encodings(
                ^^^^^^^^^^^^^^^^^^^^
  File "C:\Users\HP\OneDrive\Documents\Desktop\VAYUROME Working\VS Code\VAS Attendance System + hardware\smart_attendance_system\services\dlib_compat.py", line 185, in safe_face_encodings
    return face_recognition.face_encodings(
           ^^^^^^^^^^^^^^^^^^^^^^^^^^^^^^^^
  File "C:\Venvs\vas-attendance\Lib\site-packages\face_recognition\api.py", line 214, in face_encodings
    return [np.array(face_encoder.compute_face_descriptor(face_image, raw_landmark_set, num_jitters)) for raw_landmark_set in raw_landmarks]
           ^^^^^^^^^^^^^^^^^^^^^^^^^^^^^^^^^^^^^^^^^^^^^^^^^^^^^^^^^^^^^^^^^^^^^^^^^^^^^^^^^^^^^^^^^^^^^^^^^^^^^^^^^^^^^^^^^^^^^^^^^^^^^^^^^
  File "C:\Venvs\vas-attendance\Lib\site-packages\face_recognition\api.py", line 214, in <listcomp>
    return [np.array(face_encoder.compute_face_descriptor(face_image, raw_landmark_set, num_jitters)) for raw_landmark_set in raw_landmarks]
                     ^^^^^^^^^^^^^^^^^^^^^^^^^^^^^^^^^^^^^^^^^^^^^^^^^^^^^^^^^^^^^^^^^^^^^^^^^^^^^^^
TypeError: compute_face_descriptor(): incompatible function arguments. The following argument types are supported:
    1. (self: _dlib_pybind11.face_recognition_model_v1, img: numpy.ndarray[(rows,cols,3),numpy.uint8], face: _dlib_pybind11.full_object_detection, num_jitters: int = 0, padding: float = 0.25) -> _dlib_pybind11.vector
    2. (self: _dlib_pybind11.face_recognition_model_v1, img: numpy.ndarray[(rows,cols,3),numpy.uint8], num_jitters: int = 0) -> _dlib_pybind11.vector
    3. (self: _dlib_pybind11.face_recognition_model_v1, img: numpy.ndarray[(rows,cols,3),numpy.uint8], faces: _dlib_pybind11.full_object_detections, num_jitters: int = 0, padding: float = 0.25) -> _dlib_pybind11.vectors
    4. (self: _dlib_pybind11.face_recognition_model_v1, batch_img: list[numpy.ndarray[(rows,cols,3),numpy.uint8]], batch_faces: list[_dlib_pybind11.full_object_detections], num_jitters: int = 0, padding: float = 0.25) -> _dlib_pybind11.vectorss
    5. (self: _dlib_pybind11.face_recognition_model_v1, batch_img: list[numpy.ndarray[(rows,cols,3),numpy.uint8]], num_jitters: int = 0) -> _dlib_pybind11.vectors

Invoked with: <_dlib_pybind11.face_recognition_model_v1 object at 0x0000020EAA256530>, array([[[160, 189, 207],
        [161, 192, 204],
        [165, 199, 208],
        ...,
        [132, 153, 157],
        [125, 139, 148],
        [ 96, 108, 123]],

       [[168, 194, 209],
        [165, 192, 203],
        [166, 194, 207],
        ...,
        [136, 150, 152],
        [119, 132, 135],
        [ 95, 107, 112]],

       [[153, 170, 183],
        [174, 195, 205],
        [165, 191, 203],
        ...,
        [138, 153, 151],
        [123, 134, 135],
        [ 90, 108, 117]],

       ...,

       [[ 88, 101, 116],
        [ 65,  64,  78],
        [ 56,  58,  61],
        ...,
        [128, 129, 110],
        [123, 126, 104],
        [122, 126,  99]],

       [[ 77,  93, 126],
        [ 57,  59,  74],
        [ 52,  52,  61],
        ...,
        [122, 127, 105],
        [120, 125,  98],
        [119, 126,  99]],

       [[ 66,  88, 120],
        [ 49,  60,  73],
        [ 53,  54,  59],
        ...,
        [124, 126, 101],
        [117, 128, 104],
        [119, 125, 113]]], dtype=uint8), <_dlib_pybind11.full_object_detection object at 0x0000020EAA3E1430>, 1
2026-08-03 13:51:18,273 | INFO     | services.notification_manager | [system/error] Unexpected error: compute_face_descriptor(): incompatible function arguments. The following argument types are supported:
    1. (self: _dlib_pybind11.face_recognition_model_v1, img: numpy.ndarray[(rows,cols,3),numpy.uint8], face: _dlib_pybind11.full_object_detection, num_jitters: int = 0, padding: float = 0.25) -> _dlib_pybind11.vector
    2. (self: _dlib_pybind11.face_recognition_model_v1, img: numpy.ndarray[(rows,cols,3),numpy.uint8], num_jitters: int = 0) -> _dlib_pybind11.vector
    3. (self: _dlib_pybind11.face_recognition_model_v1, img: numpy.ndarray[(rows,cols,3),numpy.uint8], faces: _dlib_pybind11.full_object_detections, num_jitters: int = 0, padding: float = 0.25) -> _dlib_pybind11.vectors
    4. (self: _dlib_pybind11.face_recognition_model_v1, batch_img: list[numpy.ndarray[(rows,cols,3),numpy.uint8]], batch_faces: list[_dlib_pybind11.full_object_detections], num_jitters: int = 0, padding: float = 0.25) -> _dlib_pybind11.vectorss
    5. (self: _dlib_pybind11.face_recognition_model_v1, batch_img: list[numpy.ndarray[(rows,cols,3),numpy.uint8]], num_jitters: int = 0) -> _dlib_pybind11.vectors

Invoked with: <_dlib_pybind11.face_recognition_model_v1 object at 0x0000020EAA256530>, array([[[160, 189, 207],
        [161, 192, 204],
        [165, 199, 208],
        ...,
        [132, 153, 157],
        [125, 139, 148],
        [ 96, 108, 123]],

       [[168, 194, 209],
        [165, 192, 203],
        [166, 194, 207],
        ...,
        [136, 150, 152],
        [119, 132, 135],
        [ 95, 107, 112]],

       [[153, 170, 183],
        [174, 195, 205],
        [165, 191, 203],
        ...,
        [138, 153, 151],
        [123, 134, 135],
        [ 90, 108, 117]],

       ...,

       [[ 88, 101, 116],
        [ 65,  64,  78],
        [ 56,  58,  61],
        ...,
        [128, 129, 110],
        [123, 126, 104],
        [122, 126,  99]],

       [[ 77,  93, 126],
        [ 57,  59,  74],
        [ 52,  52,  61],
        ...,
        [122, 127, 105],
        [120, 125,  98],
        [119, 126,  99]],

       [[ 66,  88, 120],
        [ 49,  60,  73],
        [ 53,  54,  59],
        ...,
        [124, 126, 101],
        [117, 128, 104],
        [119, 125, 113]]], dtype=uint8), <_dlib_pybind11.full_object_detection object at 0x0000020EAA3E1430>, 1
2026-08-03 13:52:15,401 | INFO     | services.camera_manager | Camera released.
2026-08-03 13:52:15,574 | INFO     | __main__ | Smart Attendance System shut down normally.
2026-08-03 14:14:07,855 | INFO     | __main__ | Smart Attendance System starting up.
2026-08-03 14:14:07,855 | INFO     | utils.bootstrap | Directory bootstrap complete. 6 directories verified.
2026-08-03 14:14:09,776 | INFO     | services.database_manager | Database schema verified/created at C:\Users\HP\OneDrive\Documents\Desktop\VAYUROME Working\VS Code\VAS Attendance System + hardware\smart_attendance_system\database\employee_data.db
2026-08-03 14:14:19,785 | INFO     | services.auth_manager | Admin login successful: admin
2026-08-03 14:14:19,886 | INFO     | services.database_manager | Database schema verified/created at C:\Users\HP\OneDrive\Documents\Desktop\VAYUROME Working\VS Code\VAS Attendance System + hardware\smart_attendance_system\database\employee_data.db
2026-08-03 14:14:19,887 | INFO     | services.encoding_cache | Loaded encoding cache: 2 employee(s), 3 total encoding(s).
2026-08-03 14:14:26,143 | INFO     | services.camera_manager | Camera opened (backend=OpenCVWebcamSource, 1280x720)
2026-08-03 14:14:26,693 | ERROR    | __main__ | Unhandled exception in DashboardApp - application exiting.
Traceback (most recent call last):
  File "C:\Users\HP\OneDrive\Documents\Desktop\VAYUROME Working\VS Code\VAS Attendance System + hardware\smart_attendance_system\main.py", line 51, in on_login_success
    app = DashboardApp(auth=auth)
          ^^^^^^^^^^^^^^^^^^^^^^^
  File "C:\Users\HP\OneDrive\Documents\Desktop\VAYUROME Working\VS Code\VAS Attendance System + hardware\smart_attendance_system\gui\dashboard.py", line 97, in __init__
    self._start_camera_loop()
  File "C:\Users\HP\OneDrive\Documents\Desktop\VAYUROME Working\VS Code\VAS Attendance System + hardware\smart_attendance_system\gui\dashboard.py", line 213, in _start_camera_loop
    self._camera_tick()
  File "C:\Users\HP\OneDrive\Documents\Desktop\VAYUROME Working\VS Code\VAS Attendance System + hardware\smart_attendance_system\gui\dashboard.py", line 267, in _camera_tick
    results = self.face_engine.recognize_frame(frame)
              ^^^^^^^^^^^^^^^^^^^^^^^^^^^^^^^^^^^^^^^
  File "C:\Users\HP\OneDrive\Documents\Desktop\VAYUROME Working\VS Code\VAS Attendance System + hardware\smart_attendance_system\services\face_recognition_engine.py", line 239, in recognize_frame
    for location, encoding in self.detect_and_encode_frame(frame):
                              ^^^^^^^^^^^^^^^^^^^^^^^^^^^^^^^^^^^
  File "C:\Users\HP\OneDrive\Documents\Desktop\VAYUROME Working\VS Code\VAS Attendance System + hardware\smart_attendance_system\services\face_recognition_engine.py", line 182, in detect_and_encode_frame
    encodings = safe_face_encodings(
                ^^^^^^^^^^^^^^^^^^^^
  File "C:\Users\HP\OneDrive\Documents\Desktop\VAYUROME Working\VS Code\VAS Attendance System + hardware\smart_attendance_system\services\dlib_compat.py", line 185, in safe_face_encodings
    return face_recognition.face_encodings(
           ^^^^^^^^^^^^^^^^^^^^^^^^^^^^^^^^
  File "C:\Venvs\vas-attendance\Lib\site-packages\face_recognition\api.py", line 214, in face_encodings
    return [np.array(face_encoder.compute_face_descriptor(face_image, raw_landmark_set, num_jitters)) for raw_landmark_set in raw_landmarks]
           ^^^^^^^^^^^^^^^^^^^^^^^^^^^^^^^^^^^^^^^^^^^^^^^^^^^^^^^^^^^^^^^^^^^^^^^^^^^^^^^^^^^^^^^^^^^^^^^^^^^^^^^^^^^^^^^^^^^^^^^^^^^^^^^^^
  File "C:\Venvs\vas-attendance\Lib\site-packages\face_recognition\api.py", line 214, in <listcomp>
    return [np.array(face_encoder.compute_face_descriptor(face_image, raw_landmark_set, num_jitters)) for raw_landmark_set in raw_landmarks]
                     ^^^^^^^^^^^^^^^^^^^^^^^^^^^^^^^^^^^^^^^^^^^^^^^^^^^^^^^^^^^^^^^^^^^^^^^^^^^^^^^
TypeError: compute_face_descriptor(): incompatible function arguments. The following argument types are supported:
    1. (self: _dlib_pybind11.face_recognition_model_v1, img: numpy.ndarray[(rows,cols,3),numpy.uint8], face: _dlib_pybind11.full_object_detection, num_jitters: int = 0, padding: float = 0.25) -> _dlib_pybind11.vector
    2. (self: _dlib_pybind11.face_recognition_model_v1, img: numpy.ndarray[(rows,cols,3),numpy.uint8], num_jitters: int = 0) -> _dlib_pybind11.vector
    3. (self: _dlib_pybind11.face_recognition_model_v1, img: numpy.ndarray[(rows,cols,3),numpy.uint8], faces: _dlib_pybind11.full_object_detections, num_jitters: int = 0, padding: float = 0.25) -> _dlib_pybind11.vectors
    4. (self: _dlib_pybind11.face_recognition_model_v1, batch_img: list[numpy.ndarray[(rows,cols,3),numpy.uint8]], batch_faces: list[_dlib_pybind11.full_object_detections], num_jitters: int = 0, padding: float = 0.25) -> _dlib_pybind11.vectorss
    5. (self: _dlib_pybind11.face_recognition_model_v1, batch_img: list[numpy.ndarray[(rows,cols,3),numpy.uint8]], num_jitters: int = 0) -> _dlib_pybind11.vectors

Invoked with: <_dlib_pybind11.face_recognition_model_v1 object at 0x00000293D69436B0>, array([[[ 76,  88, 132],
        [ 61,  80, 108],
        [ 69,  80, 100],
        ...,
        [238, 247, 244],
        [242, 245, 244],
        [236, 248, 244]],

       [[ 69,  87, 122],
        [ 65,  78, 103],
        [ 68,  80,  97],
        ...,
        [243, 245, 244],
        [240, 246, 244],
        [238, 247, 244]],

       [[ 72,  93, 112],
        [ 66,  84, 101],
        [ 74,  89, 104],
        ...,
        [241, 246, 244],
        [240, 247, 244],
        [238, 247, 244]],

       ...,

       [[123, 129, 107],
        [136, 140, 119],
        [137, 139, 118],
        ...,
        [119, 121, 107],
        [120, 123, 106],
        [122, 125, 106]],

       [[133, 137, 115],
        [134, 137, 116],
        [135, 138, 117],
        ...,
        [118, 121, 105],
        [118, 121, 104],
        [118, 121, 104]],

       [[134, 137, 120],
        [134, 137, 118],
        [136, 139, 120],
        ...,
        [118, 120, 108],
        [118, 121, 105],
        [117, 123, 105]]], dtype=uint8), <_dlib_pybind11.full_object_detection object at 0x00000293D4F0E5B0>, 1
2026-08-03 14:57:44,693 | INFO     | __main__ | Smart Attendance System starting up.
2026-08-03 14:57:44,694 | INFO     | utils.bootstrap | Directory bootstrap complete. 6 directories verified.
2026-08-03 14:57:46,813 | INFO     | services.database_manager | Database schema verified/created at C:\Users\HP\OneDrive\Documents\Desktop\VAYUROME Working\VS Code\VAS Attendance System + hardware\smart_attendance_system\database\employee_data.db
2026-08-03 14:57:54,688 | WARNING  | services.auth_manager | Login failed: incorrect password for 'admin'.
2026-08-03 14:57:59,019 | INFO     | services.auth_manager | Admin login successful: admin
2026-08-03 14:57:59,125 | INFO     | services.database_manager | Database schema verified/created at C:\Users\HP\OneDrive\Documents\Desktop\VAYUROME Working\VS Code\VAS Attendance System + hardware\smart_attendance_system\database\employee_data.db
2026-08-03 14:57:59,135 | INFO     | services.encoding_cache | Loaded encoding cache: 2 employee(s), 3 total encoding(s).
2026-08-03 14:58:05,462 | INFO     | services.camera_manager | Camera opened (backend=OpenCVWebcamSource, 1280x720)
2026-08-03 14:58:07,424 | ERROR    | gui.dashboard | Unhandled exception in GUI callback: compute_face_descriptor(): incompatible function arguments. The following argument types are supported:
    1. (self: _dlib_pybind11.face_recognition_model_v1, img: numpy.ndarray[(rows,cols,3),numpy.uint8], face: _dlib_pybind11.full_object_detection, num_jitters: int = 0, padding: float = 0.25) -> _dlib_pybind11.vector
    2. (self: _dlib_pybind11.face_recognition_model_v1, img: numpy.ndarray[(rows,cols,3),numpy.uint8], num_jitters: int = 0) -> _dlib_pybind11.vector
    3. (self: _dlib_pybind11.face_recognition_model_v1, img: numpy.ndarray[(rows,cols,3),numpy.uint8], faces: _dlib_pybind11.full_object_detections, num_jitters: int = 0, padding: float = 0.25) -> _dlib_pybind11.vectors
    4. (self: _dlib_pybind11.face_recognition_model_v1, batch_img: list[numpy.ndarray[(rows,cols,3),numpy.uint8]], batch_faces: list[_dlib_pybind11.full_object_detections], num_jitters: int = 0, padding: float = 0.25) -> _dlib_pybind11.vectorss
    5. (self: _dlib_pybind11.face_recognition_model_v1, batch_img: list[numpy.ndarray[(rows,cols,3),numpy.uint8]], num_jitters: int = 0) -> _dlib_pybind11.vectors

Invoked with: <_dlib_pybind11.face_recognition_model_v1 object at 0x0000022D7F7B2E30>, array([[[ 64,  79, 100],
        [ 67,  77, 102],
        [ 70,  80,  84],
        ...,
        [203, 231, 234],
        [210, 235, 228],
        [207, 219, 224]],

       [[ 77,  75,  99],
        [ 72,  81,  92],
        [ 64,  82,  81],
        ...,
        [210, 235, 231],
        [207, 234, 227],
        [195, 223, 214]],

       [[ 70,  78,  88],
        [ 65,  83,  81],
        [ 63,  81,  82],
        ...,
        [212, 235, 231],
        [209, 233, 223],
        [207, 232, 216]],

       ...,

       [[132, 132, 109],
        [135, 131, 113],
        [136, 132, 115],
        ...,
        [113, 118,  93],
        [115, 118,  93],
        [118, 117,  92]],

       [[138, 127, 115],
        [130, 133, 118],
        [135, 131, 119],
        ...,
        [127, 120,  98],
        [119, 117,  97],
        [121, 118,  97]],

       [[132, 127, 113],
        [131, 130, 114],
        [135, 132, 117],
        ...,
        [124, 116, 103],
        [118, 118, 100],
        [115, 119,  92]]], dtype=uint8), <_dlib_pybind11.full_object_detection object at 0x0000022D7FD5B670>, 1
Traceback (most recent call last):
  File "C:\Users\HP\AppData\Local\Programs\Python\Python311\Lib\tkinter\__init__.py", line 1967, in __call__
    return self.func(*args)
           ^^^^^^^^^^^^^^^^
  File "C:\Users\HP\AppData\Local\Programs\Python\Python311\Lib\tkinter\__init__.py", line 861, in callit
    func(*args)
  File "C:\Users\HP\OneDrive\Documents\Desktop\VAYUROME Working\VS Code\VAS Attendance System + hardware\smart_attendance_system\gui\dashboard.py", line 267, in _camera_tick
    results = self.face_engine.recognize_frame(frame)
              ^^^^^^^^^^^^^^^^^^^^^^^^^^^^^^^^^^^^^^^
  File "C:\Users\HP\OneDrive\Documents\Desktop\VAYUROME Working\VS Code\VAS Attendance System + hardware\smart_attendance_system\services\face_recognition_engine.py", line 239, in recognize_frame
    for location, encoding in self.detect_and_encode_frame(frame):
                              ^^^^^^^^^^^^^^^^^^^^^^^^^^^^^^^^^^^
  File "C:\Users\HP\OneDrive\Documents\Desktop\VAYUROME Working\VS Code\VAS Attendance System + hardware\smart_attendance_system\services\face_recognition_engine.py", line 182, in detect_and_encode_frame
    encodings = safe_face_encodings(
                ^^^^^^^^^^^^^^^^^^^^
  File "C:\Users\HP\OneDrive\Documents\Desktop\VAYUROME Working\VS Code\VAS Attendance System + hardware\smart_attendance_system\services\dlib_compat.py", line 185, in safe_face_encodings
    return face_recognition.face_encodings(
           ^^^^^^^^^^^^^^^^^^^^^^^^^^^^^^^^
  File "C:\Venvs\vas-attendance\Lib\site-packages\face_recognition\api.py", line 214, in face_encodings
    return [np.array(face_encoder.compute_face_descriptor(face_image, raw_landmark_set, num_jitters)) for raw_landmark_set in raw_landmarks]
           ^^^^^^^^^^^^^^^^^^^^^^^^^^^^^^^^^^^^^^^^^^^^^^^^^^^^^^^^^^^^^^^^^^^^^^^^^^^^^^^^^^^^^^^^^^^^^^^^^^^^^^^^^^^^^^^^^^^^^^^^^^^^^^^^^
  File "C:\Venvs\vas-attendance\Lib\site-packages\face_recognition\api.py", line 214, in <listcomp>
    return [np.array(face_encoder.compute_face_descriptor(face_image, raw_landmark_set, num_jitters)) for raw_landmark_set in raw_landmarks]
                     ^^^^^^^^^^^^^^^^^^^^^^^^^^^^^^^^^^^^^^^^^^^^^^^^^^^^^^^^^^^^^^^^^^^^^^^^^^^^^^^
TypeError: compute_face_descriptor(): incompatible function arguments. The following argument types are supported:
    1. (self: _dlib_pybind11.face_recognition_model_v1, img: numpy.ndarray[(rows,cols,3),numpy.uint8], face: _dlib_pybind11.full_object_detection, num_jitters: int = 0, padding: float = 0.25) -> _dlib_pybind11.vector
    2. (self: _dlib_pybind11.face_recognition_model_v1, img: numpy.ndarray[(rows,cols,3),numpy.uint8], num_jitters: int = 0) -> _dlib_pybind11.vector
    3. (self: _dlib_pybind11.face_recognition_model_v1, img: numpy.ndarray[(rows,cols,3),numpy.uint8], faces: _dlib_pybind11.full_object_detections, num_jitters: int = 0, padding: float = 0.25) -> _dlib_pybind11.vectors
    4. (self: _dlib_pybind11.face_recognition_model_v1, batch_img: list[numpy.ndarray[(rows,cols,3),numpy.uint8]], batch_faces: list[_dlib_pybind11.full_object_detections], num_jitters: int = 0, padding: float = 0.25) -> _dlib_pybind11.vectorss
    5. (self: _dlib_pybind11.face_recognition_model_v1, batch_img: list[numpy.ndarray[(rows,cols,3),numpy.uint8]], num_jitters: int = 0) -> _dlib_pybind11.vectors

Invoked with: <_dlib_pybind11.face_recognition_model_v1 object at 0x0000022D7F7B2E30>, array([[[ 64,  79, 100],
        [ 67,  77, 102],
        [ 70,  80,  84],
        ...,
        [203, 231, 234],
        [210, 235, 228],
        [207, 219, 224]],

       [[ 77,  75,  99],
        [ 72,  81,  92],
        [ 64,  82,  81],
        ...,
        [210, 235, 231],
        [207, 234, 227],
        [195, 223, 214]],

       [[ 70,  78,  88],
        [ 65,  83,  81],
        [ 63,  81,  82],
        ...,
        [212, 235, 231],
        [209, 233, 223],
        [207, 232, 216]],

       ...,

       [[132, 132, 109],
        [135, 131, 113],
        [136, 132, 115],
        ...,
        [113, 118,  93],
        [115, 118,  93],
        [118, 117,  92]],

       [[138, 127, 115],
        [130, 133, 118],
        [135, 131, 119],
        ...,
        [127, 120,  98],
        [119, 117,  97],
        [121, 118,  97]],

       [[132, 127, 113],
        [131, 130, 114],
        [135, 132, 117],
        ...,
        [124, 116, 103],
        [118, 118, 100],
        [115, 119,  92]]], dtype=uint8), <_dlib_pybind11.full_object_detection object at 0x0000022D7FD5B670>, 1
2026-08-03 14:58:07,424 | INFO     | services.notification_manager | [system/error] Unexpected error: compute_face_descriptor(): incompatible function arguments. The following argument types are supported:
    1. (self: _dlib_pybind11.face_recognition_model_v1, img: numpy.ndarray[(rows,cols,3),numpy.uint8], face: _dlib_pybind11.full_object_detection, num_jitters: int = 0, padding: float = 0.25) -> _dlib_pybind11.vector
    2. (self: _dlib_pybind11.face_recognition_model_v1, img: numpy.ndarray[(rows,cols,3),numpy.uint8], num_jitters: int = 0) -> _dlib_pybind11.vector
    3. (self: _dlib_pybind11.face_recognition_model_v1, img: numpy.ndarray[(rows,cols,3),numpy.uint8], faces: _dlib_pybind11.full_object_detections, num_jitters: int = 0, padding: float = 0.25) -> _dlib_pybind11.vectors
    4. (self: _dlib_pybind11.face_recognition_model_v1, batch_img: list[numpy.ndarray[(rows,cols,3),numpy.uint8]], batch_faces: list[_dlib_pybind11.full_object_detections], num_jitters: int = 0, padding: float = 0.25) -> _dlib_pybind11.vectorss
    5. (self: _dlib_pybind11.face_recognition_model_v1, batch_img: list[numpy.ndarray[(rows,cols,3),numpy.uint8]], num_jitters: int = 0) -> _dlib_pybind11.vectors

Invoked with: <_dlib_pybind11.face_recognition_model_v1 object at 0x0000022D7F7B2E30>, array([[[ 64,  79, 100],
        [ 67,  77, 102],
        [ 70,  80,  84],
        ...,
        [203, 231, 234],
        [210, 235, 228],
        [207, 219, 224]],

       [[ 77,  75,  99],
        [ 72,  81,  92],
        [ 64,  82,  81],
        ...,
        [210, 235, 231],
        [207, 234, 227],
        [195, 223, 214]],

       [[ 70,  78,  88],
        [ 65,  83,  81],
        [ 63,  81,  82],
        ...,
        [212, 235, 231],
        [209, 233, 223],
        [207, 232, 216]],

       ...,

       [[132, 132, 109],
        [135, 131, 113],
        [136, 132, 115],
        ...,
        [113, 118,  93],
        [115, 118,  93],
        [118, 117,  92]],

       [[138, 127, 115],
        [130, 133, 118],
        [135, 131, 119],
        ...,
        [127, 120,  98],
        [119, 117,  97],
        [121, 118,  97]],

       [[132, 127, 113],
        [131, 130, 114],
        [135, 132, 117],
        ...,
        [124, 116, 103],
        [118, 118, 100],
        [115, 119,  92]]], dtype=uint8), <_dlib_pybind11.full_object_detection object at 0x0000022D7FD5B670>, 1
2026-08-03 14:59:10,501 | INFO     | services.camera_manager | Camera released.
2026-08-03 14:59:10,687 | INFO     | __main__ | Smart Attendance System shut down normally.
2026-08-03 15:22:26,482 | INFO     | services.dlib_compat | Using forced dlib compatibility shim.
2026-08-03 15:22:51,773 | INFO     | __main__ | Smart Attendance System starting up.
2026-08-03 15:22:51,773 | INFO     | utils.bootstrap | Directory bootstrap complete. 6 directories verified.
2026-08-03 15:22:54,089 | INFO     | services.database_manager | Database schema verified/created at C:\Users\HP\OneDrive\Documents\Desktop\VAYUROME Working\VS Code\VAS Attendance System + hardware\smart_attendance_system\database\employee_data.db
2026-08-03 15:23:03,472 | INFO     | services.auth_manager | Admin login successful: admin
2026-08-03 15:23:03,579 | INFO     | services.database_manager | Database schema verified/created at C:\Users\HP\OneDrive\Documents\Desktop\VAYUROME Working\VS Code\VAS Attendance System + hardware\smart_attendance_system\database\employee_data.db
2026-08-03 15:23:03,581 | INFO     | services.encoding_cache | Loaded encoding cache: 2 employee(s), 3 total encoding(s).
2026-08-03 15:23:10,074 | INFO     | services.camera_manager | Camera opened (backend=OpenCVWebcamSource, 1280x720)
2026-08-03 15:23:11,661 | INFO     | services.dlib_compat | Using forced dlib compatibility shim.
2026-08-03 15:23:12,124 | INFO     | services.attendance_manager | Attendance marked: Harsh Kapoor (VAS2026SDE01) at 15:23:12, confidence 65.8%
2026-08-03 15:23:12,124 | INFO     | services.notification_manager | [attendance/success] Attendance marked: Harsh Kapoor at 15:23:12 (65.8% confidence)
2026-08-03 15:23:12,244 | INFO     | services.dlib_compat | Using forced dlib compatibility shim.
2026-08-03 15:23:12,688 | INFO     | services.dlib_compat | Using forced dlib compatibility shim.
2026-08-03 15:23:13,172 | INFO     | services.dlib_compat | Using forced dlib compatibility shim.
2026-08-03 15:23:13,666 | INFO     | services.dlib_compat | Using forced dlib compatibility shim.
2026-08-03 15:23:14,193 | INFO     | services.dlib_compat | Using forced dlib compatibility shim.
2026-08-03 15:23:14,717 | INFO     | services.dlib_compat | Using forced dlib compatibility shim.
2026-08-03 15:23:15,159 | INFO     | services.dlib_compat | Using forced dlib compatibility shim.
2026-08-03 15:23:15,609 | INFO     | services.dlib_compat | Using forced dlib compatibility shim.
2026-08-03 15:23:16,056 | INFO     | services.dlib_compat | Using forced dlib compatibility shim.
2026-08-03 15:23:16,547 | INFO     | services.dlib_compat | Using forced dlib compatibility shim.
2026-08-03 15:23:17,020 | INFO     | services.dlib_compat | Using forced dlib compatibility shim.
2026-08-03 15:23:17,478 | INFO     | services.dlib_compat | Using forced dlib compatibility shim.
2026-08-03 15:23:17,925 | INFO     | services.dlib_compat | Using forced dlib compatibility shim.
2026-08-03 15:23:18,373 | INFO     | services.dlib_compat | Using forced dlib compatibility shim.
2026-08-03 15:23:21,465 | INFO     | services.dlib_compat | Using forced dlib compatibility shim.
2026-08-03 15:23:21,823 | INFO     | services.notification_manager | [unknown_face/warning] Unknown person detected by camera.
2026-08-03 15:23:21,892 | INFO     | services.dlib_compat | Using forced dlib compatibility shim.
2026-08-03 15:23:22,282 | INFO     | services.notification_manager | [unknown_face/warning] Unknown person detected by camera.
2026-08-03 15:23:22,363 | INFO     | services.dlib_compat | Using forced dlib compatibility shim.
2026-08-03 15:23:22,876 | INFO     | services.dlib_compat | Using forced dlib compatibility shim.
2026-08-03 15:23:23,235 | INFO     | services.notification_manager | [unknown_face/warning] Unknown person detected by camera.
2026-08-03 15:23:23,314 | INFO     | services.dlib_compat | Using forced dlib compatibility shim.
2026-08-03 15:23:23,761 | INFO     | services.dlib_compat | Using forced dlib compatibility shim.
2026-08-03 15:23:24,179 | INFO     | services.notification_manager | [unknown_face/warning] Unknown person detected by camera.
2026-08-03 15:23:24,246 | INFO     | services.dlib_compat | Using forced dlib compatibility shim.
2026-08-03 15:23:24,676 | INFO     | services.dlib_compat | Using forced dlib compatibility shim.
2026-08-03 15:23:25,151 | INFO     | services.dlib_compat | Using forced dlib compatibility shim.
2026-08-03 15:23:25,586 | INFO     | services.dlib_compat | Using forced dlib compatibility shim.
2026-08-03 15:23:26,007 | INFO     | services.dlib_compat | Using forced dlib compatibility shim.
2026-08-03 15:23:26,413 | INFO     | services.dlib_compat | Using forced dlib compatibility shim.
2026-08-03 15:23:26,830 | INFO     | services.dlib_compat | Using forced dlib compatibility shim.
2026-08-03 15:23:27,290 | INFO     | services.dlib_compat | Using forced dlib compatibility shim.
2026-08-03 15:23:27,692 | INFO     | services.dlib_compat | Using forced dlib compatibility shim.
2026-08-03 15:23:28,114 | INFO     | services.dlib_compat | Using forced dlib compatibility shim.
2026-08-03 15:23:28,557 | INFO     | services.dlib_compat | Using forced dlib compatibility shim.
2026-08-03 15:23:28,994 | INFO     | services.dlib_compat | Using forced dlib compatibility shim.
2026-08-03 15:23:29,378 | INFO     | services.dlib_compat | Using forced dlib compatibility shim.
2026-08-03 15:23:29,741 | INFO     | services.dlib_compat | Using forced dlib compatibility shim.
2026-08-03 15:23:30,136 | INFO     | services.dlib_compat | Using forced dlib compatibility shim.
2026-08-03 15:23:30,509 | INFO     | services.dlib_compat | Using forced dlib compatibility shim.
2026-08-03 15:23:30,940 | INFO     | services.dlib_compat | Using forced dlib compatibility shim.
2026-08-03 15:23:31,321 | INFO     | services.dlib_compat | Using forced dlib compatibility shim.
2026-08-03 15:23:31,674 | INFO     | services.dlib_compat | Using forced dlib compatibility shim.
2026-08-03 15:23:32,287 | INFO     | services.dlib_compat | Using forced dlib compatibility shim.
2026-08-03 15:23:32,655 | INFO     | services.dlib_compat | Using forced dlib compatibility shim.
2026-08-03 15:23:33,045 | INFO     | services.dlib_compat | Using forced dlib compatibility shim.
2026-08-03 15:23:33,470 | INFO     | services.dlib_compat | Using forced dlib compatibility shim.
2026-08-03 15:23:33,869 | INFO     | services.dlib_compat | Using forced dlib compatibility shim.
2026-08-03 15:23:34,257 | INFO     | services.dlib_compat | Using forced dlib compatibility shim.
2026-08-03 15:23:34,638 | INFO     | services.dlib_compat | Using forced dlib compatibility shim.
2026-08-03 15:23:35,028 | INFO     | services.dlib_compat | Using forced dlib compatibility shim.
2026-08-03 15:23:35,386 | INFO     | services.dlib_compat | Using forced dlib compatibility shim.
2026-08-03 15:23:35,738 | INFO     | services.dlib_compat | Using forced dlib compatibility shim.
2026-08-03 15:23:36,154 | INFO     | services.dlib_compat | Using forced dlib compatibility shim.
2026-08-03 15:23:36,534 | INFO     | services.dlib_compat | Using forced dlib compatibility shim.
2026-08-03 15:23:36,872 | INFO     | services.dlib_compat | Using forced dlib compatibility shim.
2026-08-03 15:23:37,255 | INFO     | services.dlib_compat | Using forced dlib compatibility shim.
2026-08-03 15:23:37,627 | INFO     | services.dlib_compat | Using forced dlib compatibility shim.
2026-08-03 15:23:37,989 | INFO     | services.dlib_compat | Using forced dlib compatibility shim.
2026-08-03 15:23:38,364 | INFO     | services.dlib_compat | Using forced dlib compatibility shim.
2026-08-03 15:23:38,737 | INFO     | services.dlib_compat | Using forced dlib compatibility shim.
2026-08-03 15:23:39,149 | INFO     | services.dlib_compat | Using forced dlib compatibility shim.
2026-08-03 15:23:39,541 | INFO     | services.dlib_compat | Using forced dlib compatibility shim.
2026-08-03 15:23:39,897 | INFO     | services.dlib_compat | Using forced dlib compatibility shim.
2026-08-03 15:23:40,226 | INFO     | services.database_manager | Employee VAS2026ADE02 active status set to False
2026-08-03 15:23:40,295 | INFO     | services.dlib_compat | Using forced dlib compatibility shim.
2026-08-03 15:23:40,657 | INFO     | services.dlib_compat | Using forced dlib compatibility shim.
2026-08-03 15:23:41,049 | INFO     | services.dlib_compat | Using forced dlib compatibility shim.
2026-08-03 15:23:41,385 | INFO     | services.dlib_compat | Using forced dlib compatibility shim.
2026-08-03 15:23:41,760 | INFO     | services.dlib_compat | Using forced dlib compatibility shim.
2026-08-03 15:23:42,114 | INFO     | services.dlib_compat | Using forced dlib compatibility shim.
2026-08-03 15:23:42,475 | INFO     | services.dlib_compat | Using forced dlib compatibility shim.
2026-08-03 15:23:42,817 | INFO     | services.dlib_compat | Using forced dlib compatibility shim.
2026-08-03 15:23:43,181 | INFO     | services.dlib_compat | Using forced dlib compatibility shim.
2026-08-03 15:23:43,547 | INFO     | services.dlib_compat | Using forced dlib compatibility shim.
2026-08-03 15:23:43,997 | INFO     | services.dlib_compat | Using forced dlib compatibility shim.
2026-08-03 15:23:44,362 | INFO     | services.dlib_compat | Using forced dlib compatibility shim.
2026-08-03 15:23:44,732 | INFO     | services.dlib_compat | Using forced dlib compatibility shim.
2026-08-03 15:23:45,092 | INFO     | services.dlib_compat | Using forced dlib compatibility shim.
2026-08-03 15:23:45,531 | INFO     | services.dlib_compat | Using forced dlib compatibility shim.
2026-08-03 15:23:46,014 | INFO     | services.dlib_compat | Using forced dlib compatibility shim.
2026-08-03 15:23:46,408 | INFO     | services.dlib_compat | Using forced dlib compatibility shim.
2026-08-03 15:23:46,856 | INFO     | services.dlib_compat | Using forced dlib compatibility shim.
2026-08-03 15:23:47,203 | INFO     | services.dlib_compat | Using forced dlib compatibility shim.
2026-08-03 15:23:47,551 | INFO     | services.dlib_compat | Using forced dlib compatibility shim.
2026-08-03 15:23:47,904 | INFO     | services.dlib_compat | Using forced dlib compatibility shim.
2026-08-03 15:23:48,252 | INFO     | services.dlib_compat | Using forced dlib compatibility shim.
2026-08-03 15:23:48,609 | INFO     | services.dlib_compat | Using forced dlib compatibility shim.
2026-08-03 15:23:48,962 | INFO     | services.dlib_compat | Using forced dlib compatibility shim.
2026-08-03 15:23:49,423 | INFO     | services.dlib_compat | Using forced dlib compatibility shim.
2026-08-03 15:23:49,774 | INFO     | services.dlib_compat | Using forced dlib compatibility shim.
2026-08-03 15:23:50,204 | INFO     | services.dlib_compat | Using forced dlib compatibility shim.
2026-08-03 15:23:50,631 | INFO     | services.dlib_compat | Using forced dlib compatibility shim.
2026-08-03 15:23:51,057 | INFO     | services.dlib_compat | Using forced dlib compatibility shim.
2026-08-03 15:23:51,619 | INFO     | services.dlib_compat | Using forced dlib compatibility shim.
2026-08-03 15:23:52,751 | INFO     | services.dlib_compat | Using forced dlib compatibility shim.
2026-08-03 15:23:53,190 | INFO     | services.dlib_compat | Using forced dlib compatibility shim.
2026-08-03 15:23:53,617 | INFO     | services.dlib_compat | Using forced dlib compatibility shim.
2026-08-03 15:23:54,057 | INFO     | services.dlib_compat | Using forced dlib compatibility shim.
2026-08-03 15:23:54,549 | INFO     | services.dlib_compat | Using forced dlib compatibility shim.
2026-08-03 15:23:54,986 | INFO     | services.dlib_compat | Using forced dlib compatibility shim.
2026-08-03 15:23:55,388 | INFO     | services.dlib_compat | Using forced dlib compatibility shim.
2026-08-03 15:23:55,812 | INFO     | services.dlib_compat | Using forced dlib compatibility shim.
2026-08-03 15:23:56,214 | INFO     | services.dlib_compat | Using forced dlib compatibility shim.
2026-08-03 15:23:56,619 | INFO     | services.dlib_compat | Using forced dlib compatibility shim.
2026-08-03 15:23:57,298 | INFO     | services.camera_manager | Camera released.
2026-08-03 15:23:57,489 | INFO     | __main__ | Smart Attendance System shut down normally.
2026-08-03 15:28:39,448 | INFO     | services.dlib_compat | Using dlib compatibility fallback shim.
2026-08-03 15:28:39,739 | WARNING  | services.dlib_compat | dlib compatibility shim: compute_face_descriptor() required call pattern 'positional_jitters' instead of face_recognition's default. This means your installed dlib version has a different API than face_recognition 1.3.0 expects - requirements.txt pins dlib<20.0.0 to avoid this; consider reinstalling with `pip install "dlib<20.0.0"` when convenient.
2026-08-03 15:29:00,394 | INFO     | __main__ | Smart Attendance System starting up.
2026-08-03 15:29:00,395 | INFO     | utils.bootstrap | Directory bootstrap complete. 6 directories verified.
2026-08-03 15:29:02,602 | INFO     | services.database_manager | Database schema verified/created at C:\Users\HP\OneDrive\Documents\Desktop\VAYUROME Working\VS Code\VAS Attendance System + hardware\smart_attendance_system\database\employee_data.db
2026-08-03 15:29:10,333 | INFO     | services.auth_manager | Admin login successful: admin
2026-08-03 15:29:10,433 | INFO     | services.database_manager | Database schema verified/created at C:\Users\HP\OneDrive\Documents\Desktop\VAYUROME Working\VS Code\VAS Attendance System + hardware\smart_attendance_system\database\employee_data.db
2026-08-03 15:29:10,434 | INFO     | services.encoding_cache | Loaded encoding cache: 2 employee(s), 3 total encoding(s).
2026-08-03 15:29:16,929 | INFO     | services.camera_manager | Camera opened (backend=OpenCVWebcamSource, 1280x720)
2026-08-03 15:29:17,520 | INFO     | services.dlib_compat | Using dlib compatibility fallback shim.
2026-08-03 15:29:17,829 | WARNING  | services.dlib_compat | dlib compatibility shim: compute_face_descriptor() required call pattern 'positional_jitters' instead of face_recognition's default. This means your installed dlib version has a different API than face_recognition 1.3.0 expects - requirements.txt pins dlib<20.0.0 to avoid this; consider reinstalling with `pip install "dlib<20.0.0"` when convenient.
2026-08-03 15:29:17,975 | INFO     | services.dlib_compat | Using dlib compatibility fallback shim.
2026-08-03 15:29:18,448 | INFO     | services.dlib_compat | Using dlib compatibility fallback shim.
2026-08-03 15:29:19,105 | INFO     | services.dlib_compat | Using dlib compatibility fallback shim.
2026-08-03 15:29:19,549 | INFO     | services.dlib_compat | Using dlib compatibility fallback shim.
2026-08-03 15:29:19,996 | INFO     | services.dlib_compat | Using dlib compatibility fallback shim.
2026-08-03 15:29:20,455 | INFO     | services.dlib_compat | Using dlib compatibility fallback shim.
2026-08-03 15:29:20,938 | INFO     | services.dlib_compat | Using dlib compatibility fallback shim.
2026-08-03 15:29:21,430 | INFO     | services.dlib_compat | Using dlib compatibility fallback shim.
2026-08-03 15:29:21,895 | INFO     | services.dlib_compat | Using dlib compatibility fallback shim.
2026-08-03 15:29:22,593 | INFO     | services.dlib_compat | Using dlib compatibility fallback shim.
2026-08-03 15:29:23,002 | INFO     | services.dlib_compat | Using dlib compatibility fallback shim.
2026-08-03 15:29:23,455 | INFO     | services.dlib_compat | Using dlib compatibility fallback shim.
2026-08-03 15:29:23,965 | INFO     | services.dlib_compat | Using dlib compatibility fallback shim.
2026-08-03 15:29:24,467 | INFO     | services.dlib_compat | Using dlib compatibility fallback shim.
2026-08-03 15:29:24,997 | INFO     | services.dlib_compat | Using dlib compatibility fallback shim.
2026-08-03 15:29:25,449 | INFO     | services.dlib_compat | Using dlib compatibility fallback shim.
2026-08-03 15:29:25,903 | INFO     | services.dlib_compat | Using dlib compatibility fallback shim.
2026-08-03 15:29:26,306 | INFO     | services.notification_manager | [unknown_face/warning] Unknown person detected by camera.
2026-08-03 15:29:26,377 | INFO     | services.dlib_compat | Using dlib compatibility fallback shim.
2026-08-03 15:29:26,800 | INFO     | services.dlib_compat | Using dlib compatibility fallback shim.
2026-08-03 15:29:27,209 | INFO     | services.dlib_compat | Using dlib compatibility fallback shim.
2026-08-03 15:29:27,639 | INFO     | services.dlib_compat | Using dlib compatibility fallback shim.
2026-08-03 15:29:28,059 | INFO     | services.dlib_compat | Using dlib compatibility fallback shim.
2026-08-03 15:29:28,496 | INFO     | services.dlib_compat | Using dlib compatibility fallback shim.
2026-08-03 15:29:28,910 | INFO     | services.dlib_compat | Using dlib compatibility fallback shim.
2026-08-03 15:29:29,340 | INFO     | services.dlib_compat | Using dlib compatibility fallback shim.
2026-08-03 15:29:29,768 | INFO     | services.dlib_compat | Using dlib compatibility fallback shim.
2026-08-03 15:29:30,195 | INFO     | services.dlib_compat | Using dlib compatibility fallback shim.
2026-08-03 15:29:30,604 | INFO     | services.dlib_compat | Using dlib compatibility fallback shim.
2026-08-03 15:29:31,023 | INFO     | services.dlib_compat | Using dlib compatibility fallback shim.
2026-08-03 15:29:31,496 | INFO     | services.dlib_compat | Using dlib compatibility fallback shim.
2026-08-03 15:29:31,924 | INFO     | services.dlib_compat | Using dlib compatibility fallback shim.
2026-08-03 15:29:32,323 | INFO     | services.dlib_compat | Using dlib compatibility fallback shim.
2026-08-03 15:29:32,753 | INFO     | services.dlib_compat | Using dlib compatibility fallback shim.
2026-08-03 15:29:33,185 | INFO     | services.dlib_compat | Using dlib compatibility fallback shim.
2026-08-03 15:29:33,696 | INFO     | services.dlib_compat | Using dlib compatibility fallback shim.
2026-08-03 15:29:34,183 | INFO     | services.dlib_compat | Using dlib compatibility fallback shim.
2026-08-03 15:29:34,643 | INFO     | services.dlib_compat | Using dlib compatibility fallback shim.
2026-08-03 15:29:35,130 | INFO     | services.dlib_compat | Using dlib compatibility fallback shim.
2026-08-03 15:29:35,666 | INFO     | services.dlib_compat | Using dlib compatibility fallback shim.
2026-08-03 15:29:36,208 | INFO     | services.dlib_compat | Using dlib compatibility fallback shim.
2026-08-03 15:29:36,711 | INFO     | services.dlib_compat | Using dlib compatibility fallback shim.
2026-08-03 15:29:37,193 | INFO     | services.dlib_compat | Using dlib compatibility fallback shim.
2026-08-03 15:29:37,649 | INFO     | services.dlib_compat | Using dlib compatibility fallback shim.
2026-08-03 15:29:38,082 | INFO     | services.dlib_compat | Using dlib compatibility fallback shim.
2026-08-03 15:29:38,516 | INFO     | services.dlib_compat | Using dlib compatibility fallback shim.
2026-08-03 15:29:38,962 | INFO     | services.dlib_compat | Using dlib compatibility fallback shim.
2026-08-03 15:29:39,378 | INFO     | services.dlib_compat | Using dlib compatibility fallback shim.
2026-08-03 15:29:39,808 | INFO     | services.dlib_compat | Using dlib compatibility fallback shim.
2026-08-03 15:29:40,236 | INFO     | services.dlib_compat | Using dlib compatibility fallback shim.
2026-08-03 15:29:40,724 | INFO     | services.dlib_compat | Using dlib compatibility fallback shim.
2026-08-03 15:29:41,326 | INFO     | services.dlib_compat | Using dlib compatibility fallback shim.
2026-08-03 15:29:42,292 | INFO     | services.dlib_compat | Using dlib compatibility fallback shim.
2026-08-03 15:29:44,821 | INFO     | services.dlib_compat | Using dlib compatibility fallback shim.
2026-08-03 15:29:45,366 | INFO     | services.dlib_compat | Using dlib compatibility fallback shim.
2026-08-03 15:29:45,891 | INFO     | services.dlib_compat | Using dlib compatibility fallback shim.
2026-08-03 15:29:46,494 | INFO     | services.dlib_compat | Using dlib compatibility fallback shim.
2026-08-03 15:29:47,071 | INFO     | services.dlib_compat | Using dlib compatibility fallback shim.
2026-08-03 15:30:31,096 | INFO     | services.dlib_compat | Using dlib compatibility fallback shim.
2026-08-03 15:30:31,645 | INFO     | services.dlib_compat | Using dlib compatibility fallback shim.
2026-08-03 15:30:32,234 | INFO     | services.dlib_compat | Using dlib compatibility fallback shim.
2026-08-03 15:30:33,137 | INFO     | services.dlib_compat | Using dlib compatibility fallback shim.
2026-08-03 15:30:33,710 | INFO     | services.dlib_compat | Using dlib compatibility fallback shim.
2026-08-03 15:30:34,276 | INFO     | services.dlib_compat | Using dlib compatibility fallback shim.
2026-08-03 15:30:34,842 | INFO     | services.dlib_compat | Using dlib compatibility fallback shim.
2026-08-03 15:30:35,372 | INFO     | services.dlib_compat | Using dlib compatibility fallback shim.
2026-08-03 15:30:35,941 | INFO     | services.dlib_compat | Using dlib compatibility fallback shim.
2026-08-03 15:30:36,506 | INFO     | services.dlib_compat | Using dlib compatibility fallback shim.
2026-08-03 15:30:37,057 | INFO     | services.dlib_compat | Using dlib compatibility fallback shim.
2026-08-03 15:30:37,625 | INFO     | services.dlib_compat | Using dlib compatibility fallback shim.
2026-08-03 15:30:38,272 | INFO     | services.dlib_compat | Using dlib compatibility fallback shim.
2026-08-03 15:30:38,751 | INFO     | services.dlib_compat | Using dlib compatibility fallback shim.
2026-08-03 15:30:39,168 | INFO     | services.dlib_compat | Using dlib compatibility fallback shim.
2026-08-03 15:30:39,658 | INFO     | services.dlib_compat | Using dlib compatibility fallback shim.
2026-08-03 15:30:40,119 | INFO     | services.dlib_compat | Using dlib compatibility fallback shim.
2026-08-03 15:30:40,557 | INFO     | services.dlib_compat | Using dlib compatibility fallback shim.
2026-08-03 15:30:40,972 | INFO     | services.dlib_compat | Using dlib compatibility fallback shim.
2026-08-03 15:30:41,390 | INFO     | services.dlib_compat | Using dlib compatibility fallback shim.
2026-08-03 15:30:41,819 | INFO     | services.dlib_compat | Using dlib compatibility fallback shim.
2026-08-03 15:30:42,229 | INFO     | services.dlib_compat | Using dlib compatibility fallback shim.
2026-08-03 15:30:42,702 | INFO     | services.dlib_compat | Using dlib compatibility fallback shim.
2026-08-03 15:30:43,186 | INFO     | services.dlib_compat | Using dlib compatibility fallback shim.
2026-08-03 15:30:43,934 | INFO     | services.dlib_compat | Using dlib compatibility fallback shim.
2026-08-03 15:30:44,371 | INFO     | services.dlib_compat | Using dlib compatibility fallback shim.
2026-08-03 15:30:45,300 | INFO     | services.dlib_compat | Using dlib compatibility fallback shim.
2026-08-03 15:30:46,482 | INFO     | services.dlib_compat | Using dlib compatibility fallback shim.
2026-08-03 15:30:46,888 | INFO     | services.notification_manager | [unknown_face/warning] Unknown person detected by camera.
2026-08-03 15:30:46,963 | INFO     | services.dlib_compat | Using dlib compatibility fallback shim.
2026-08-03 15:30:47,318 | INFO     | services.notification_manager | [unknown_face/warning] Unknown person detected by camera.
2026-08-03 15:30:47,397 | INFO     | services.dlib_compat | Using dlib compatibility fallback shim.
2026-08-03 15:30:47,800 | INFO     | services.dlib_compat | Using dlib compatibility fallback shim.
2026-08-03 15:30:48,215 | INFO     | services.dlib_compat | Using dlib compatibility fallback shim.
2026-08-03 15:30:48,617 | INFO     | services.dlib_compat | Using dlib compatibility fallback shim.
2026-08-03 15:30:53,747 | INFO     | services.dlib_compat | Using dlib compatibility fallback shim.
2026-08-03 15:30:54,268 | INFO     | services.dlib_compat | Using dlib compatibility fallback shim.
2026-08-03 15:30:54,779 | INFO     | services.dlib_compat | Using dlib compatibility fallback shim.
2026-08-03 15:30:55,226 | INFO     | services.dlib_compat | Using dlib compatibility fallback shim.
2026-08-03 15:30:55,661 | INFO     | services.dlib_compat | Using dlib compatibility fallback shim.
2026-08-03 15:30:56,082 | INFO     | services.dlib_compat | Using dlib compatibility fallback shim.
2026-08-03 15:30:56,544 | INFO     | services.dlib_compat | Using dlib compatibility fallback shim.
2026-08-03 15:30:56,989 | INFO     | services.dlib_compat | Using dlib compatibility fallback shim.
2026-08-03 15:30:57,422 | INFO     | services.dlib_compat | Using dlib compatibility fallback shim.
2026-08-03 15:30:57,828 | INFO     | services.dlib_compat | Using dlib compatibility fallback shim.
2026-08-03 15:30:58,258 | INFO     | services.dlib_compat | Using dlib compatibility fallback shim.
2026-08-03 15:30:58,702 | INFO     | services.dlib_compat | Using dlib compatibility fallback shim.
2026-08-03 15:30:59,137 | INFO     | services.dlib_compat | Using dlib compatibility fallback shim.
2026-08-03 15:30:59,556 | INFO     | services.dlib_compat | Using dlib compatibility fallback shim.
2026-08-03 15:30:59,995 | INFO     | services.dlib_compat | Using dlib compatibility fallback shim.
2026-08-03 15:31:00,423 | INFO     | services.dlib_compat | Using dlib compatibility fallback shim.
2026-08-03 15:31:00,853 | INFO     | services.dlib_compat | Using dlib compatibility fallback shim.
2026-08-03 15:31:01,323 | INFO     | services.dlib_compat | Using dlib compatibility fallback shim.
2026-08-03 15:31:01,832 | INFO     | services.dlib_compat | Using dlib compatibility fallback shim.
2026-08-03 15:31:02,298 | INFO     | services.dlib_compat | Using dlib compatibility fallback shim.
2026-08-03 15:31:02,718 | INFO     | services.dlib_compat | Using dlib compatibility fallback shim.
2026-08-03 15:31:03,152 | INFO     | services.dlib_compat | Using dlib compatibility fallback shim.
2026-08-03 15:31:07,236 | INFO     | services.dlib_compat | Using dlib compatibility fallback shim.
2026-08-03 15:31:07,603 | INFO     | services.notification_manager | [unknown_face/warning] Unknown person detected by camera.
2026-08-03 15:31:07,684 | INFO     | services.dlib_compat | Using dlib compatibility fallback shim.
2026-08-03 15:31:08,050 | INFO     | services.notification_manager | [unknown_face/warning] Unknown person detected by camera.
2026-08-03 15:31:08,136 | INFO     | services.dlib_compat | Using dlib compatibility fallback shim.
2026-08-03 15:31:08,628 | INFO     | services.dlib_compat | Using dlib compatibility fallback shim.
2026-08-03 15:31:09,138 | INFO     | services.dlib_compat | Using dlib compatibility fallback shim.
2026-08-03 15:31:09,728 | INFO     | services.dlib_compat | Using dlib compatibility fallback shim.
2026-08-03 15:31:10,293 | INFO     | services.dlib_compat | Using dlib compatibility fallback shim.
2026-08-03 15:31:11,064 | INFO     | services.dlib_compat | Using dlib compatibility fallback shim.
2026-08-03 15:31:11,711 | INFO     | services.notification_manager | [unknown_face/warning] Unknown person detected by camera.
2026-08-03 15:31:12,201 | INFO     | services.dlib_compat | Using dlib compatibility fallback shim.
2026-08-03 15:31:12,971 | INFO     | services.dlib_compat | Using dlib compatibility fallback shim.
2026-08-03 15:31:14,352 | INFO     | services.dlib_compat | Using dlib compatibility fallback shim.
2026-08-03 15:31:14,855 | INFO     | services.dlib_compat | Using dlib compatibility fallback shim.
2026-08-03 15:31:15,312 | INFO     | services.dlib_compat | Using dlib compatibility fallback shim.
2026-08-03 15:31:16,714 | INFO     | services.camera_manager | Camera released.
2026-08-03 15:31:16,876 | INFO     | __main__ | Smart Attendance System shut down normally.
2026-08-03 15:38:21,559 | INFO     | __main__ | Smart Attendance System starting up.
2026-08-03 15:38:21,561 | INFO     | utils.bootstrap | Directory bootstrap complete. 6 directories verified.
2026-08-03 15:38:26,934 | INFO     | services.database_manager | Database schema verified/created at C:\Users\HP\OneDrive\Documents\Desktop\VAYUROME Working\VS Code\VAS Attendance System + hardware\smart_attendance_system\database\employee_data.db
2026-08-03 15:38:36,563 | INFO     | services.auth_manager | Admin login successful: admin
2026-08-03 15:38:36,676 | INFO     | services.database_manager | Database schema verified/created at C:\Users\HP\OneDrive\Documents\Desktop\VAYUROME Working\VS Code\VAS Attendance System + hardware\smart_attendance_system\database\employee_data.db
2026-08-03 15:38:36,679 | INFO     | services.encoding_cache | Loaded encoding cache: 2 employee(s), 3 total encoding(s).
2026-08-03 15:38:44,680 | INFO     | services.camera_manager | Camera opened (backend=OpenCVWebcamSource, 1280x720)
2026-08-03 15:39:14,384 | INFO     | services.dlib_compat | Using dlib compatibility fallback shim.
2026-08-03 15:39:14,699 | WARNING  | services.dlib_compat | dlib compatibility shim: compute_face_descriptor() required call pattern 'positional_jitters' instead of face_recognition's default. This means your installed dlib version has a different API than face_recognition 1.3.0 expects - requirements.txt pins dlib<20.0.0 to avoid this; consider reinstalling with `pip install "dlib<20.0.0"` when convenient.
2026-08-03 15:39:15,636 | INFO     | services.dlib_compat | Using dlib compatibility fallback shim.
2026-08-03 15:39:16,072 | INFO     | services.dlib_compat | Using dlib compatibility fallback shim.
2026-08-03 15:39:16,886 | INFO     | services.dlib_compat | Using dlib compatibility fallback shim.
2026-08-03 15:39:17,969 | INFO     | services.dlib_compat | Using dlib compatibility fallback shim.
2026-08-03 15:39:18,454 | INFO     | services.dlib_compat | Using dlib compatibility fallback shim.
2026-08-03 15:39:18,925 | INFO     | services.dlib_compat | Using dlib compatibility fallback shim.
2026-08-03 15:39:19,534 | INFO     | services.dlib_compat | Using dlib compatibility fallback shim.
2026-08-03 15:39:20,046 | INFO     | services.dlib_compat | Using dlib compatibility fallback shim.
2026-08-03 15:39:20,529 | INFO     | services.dlib_compat | Using dlib compatibility fallback shim.
2026-08-03 15:39:21,110 | INFO     | services.dlib_compat | Using dlib compatibility fallback shim.
2026-08-03 15:39:21,659 | INFO     | services.dlib_compat | Using dlib compatibility fallback shim.
2026-08-03 15:39:22,222 | INFO     | services.dlib_compat | Using dlib compatibility fallback shim.
2026-08-03 15:39:22,897 | INFO     | services.dlib_compat | Using dlib compatibility fallback shim.
2026-08-03 15:39:23,509 | INFO     | services.dlib_compat | Using dlib compatibility fallback shim.
2026-08-03 15:39:25,757 | INFO     | services.camera_manager | Camera released.
2026-08-03 15:39:25,972 | INFO     | __main__ | Smart Attendance System shut down normally.
2026-08-03 15:43:27,326 | INFO     | __main__ | Smart Attendance System starting up.
2026-08-03 15:43:27,326 | INFO     | utils.bootstrap | Directory bootstrap complete. 6 directories verified.
2026-08-03 15:43:29,449 | INFO     | services.database_manager | Database schema verified/created at C:\Users\HP\OneDrive\Documents\Desktop\VAYUROME Working\VS Code\VAS Attendance System + hardware\smart_attendance_system\database\employee_data.db
2026-08-03 15:43:46,399 | INFO     | services.auth_manager | Admin login successful: admin
2026-08-03 15:43:46,499 | INFO     | services.database_manager | Database schema verified/created at C:\Users\HP\OneDrive\Documents\Desktop\VAYUROME Working\VS Code\VAS Attendance System + hardware\smart_attendance_system\database\employee_data.db
2026-08-03 15:43:46,500 | INFO     | services.encoding_cache | Loaded encoding cache: 2 employee(s), 3 total encoding(s).
2026-08-03 15:43:52,840 | INFO     | services.camera_manager | Camera opened (backend=OpenCVWebcamSource, 1280x720)
2026-08-03 15:43:55,813 | INFO     | services.dlib_compat | Using dlib compatibility fallback shim.
2026-08-03 15:43:56,163 | WARNING  | services.dlib_compat | dlib compatibility shim: compute_face_descriptor() required call pattern 'positional_jitters' instead of face_recognition's default. This means your installed dlib version has a different API than face_recognition 1.3.0 expects - requirements.txt pins dlib<20.0.0 to avoid this; consider reinstalling with `pip install "dlib<20.0.0"` when convenient.
2026-08-03 15:43:56,468 | INFO     | services.dlib_compat | Using dlib compatibility fallback shim.
2026-08-03 15:43:56,947 | INFO     | services.dlib_compat | Using dlib compatibility fallback shim.
2026-08-03 15:43:57,378 | INFO     | services.dlib_compat | Using dlib compatibility fallback shim.
2026-08-03 15:43:57,862 | INFO     | services.dlib_compat | Using dlib compatibility fallback shim.
2026-08-03 15:43:58,370 | INFO     | services.dlib_compat | Using dlib compatibility fallback shim.
2026-08-03 15:43:58,807 | INFO     | services.dlib_compat | Using dlib compatibility fallback shim.
2026-08-03 15:43:59,371 | INFO     | services.dlib_compat | Using dlib compatibility fallback shim.
2026-08-03 15:43:59,812 | INFO     | services.dlib_compat | Using dlib compatibility fallback shim.
2026-08-03 15:44:00,289 | INFO     | services.dlib_compat | Using dlib compatibility fallback shim.
2026-08-03 15:44:00,767 | INFO     | services.dlib_compat | Using dlib compatibility fallback shim.
2026-08-03 15:44:02,524 | INFO     | services.dlib_compat | Using dlib compatibility fallback shim.
2026-08-03 15:44:02,938 | INFO     | services.dlib_compat | Using dlib compatibility fallback shim.
2026-08-03 15:44:03,345 | INFO     | services.dlib_compat | Using dlib compatibility fallback shim.
2026-08-03 15:44:03,789 | INFO     | services.dlib_compat | Using dlib compatibility fallback shim.
2026-08-03 15:44:04,209 | INFO     | services.dlib_compat | Using dlib compatibility fallback shim.
2026-08-03 15:44:04,662 | INFO     | services.dlib_compat | Using dlib compatibility fallback shim.
2026-08-03 15:44:05,089 | INFO     | services.dlib_compat | Using dlib compatibility fallback shim.
2026-08-03 15:44:05,513 | INFO     | services.dlib_compat | Using dlib compatibility fallback shim.
2026-08-03 15:44:05,939 | INFO     | services.dlib_compat | Using dlib compatibility fallback shim.
2026-08-03 15:44:06,427 | INFO     | services.dlib_compat | Using dlib compatibility fallback shim.
2026-08-03 15:44:06,917 | INFO     | services.dlib_compat | Using dlib compatibility fallback shim.
2026-08-03 15:44:07,426 | INFO     | services.dlib_compat | Using dlib compatibility fallback shim.
2026-08-03 15:44:07,884 | INFO     | services.dlib_compat | Using dlib compatibility fallback shim.
2026-08-03 15:44:08,331 | INFO     | services.dlib_compat | Using dlib compatibility fallback shim.
2026-08-03 15:44:08,740 | INFO     | services.dlib_compat | Using dlib compatibility fallback shim.
2026-08-03 15:44:09,187 | INFO     | services.dlib_compat | Using dlib compatibility fallback shim.
2026-08-03 15:44:09,612 | INFO     | services.dlib_compat | Using dlib compatibility fallback shim.
2026-08-03 15:44:10,066 | INFO     | services.dlib_compat | Using dlib compatibility fallback shim.
2026-08-03 15:44:10,484 | INFO     | services.dlib_compat | Using dlib compatibility fallback shim.
2026-08-03 15:44:10,978 | INFO     | services.dlib_compat | Using dlib compatibility fallback shim.
2026-08-03 15:44:11,402 | INFO     | services.dlib_compat | Using dlib compatibility fallback shim.
2026-08-03 15:44:11,751 | INFO     | services.notification_manager | [unknown_face/warning] Unknown person detected by camera.
2026-08-03 15:44:11,830 | INFO     | services.dlib_compat | Using dlib compatibility fallback shim.
2026-08-03 15:44:12,251 | INFO     | services.dlib_compat | Using dlib compatibility fallback shim.
2026-08-03 15:44:12,666 | INFO     | services.dlib_compat | Using dlib compatibility fallback shim.
2026-08-03 15:44:13,228 | INFO     | services.dlib_compat | Using dlib compatibility fallback shim.
2026-08-03 15:44:13,664 | INFO     | services.dlib_compat | Using dlib compatibility fallback shim.
2026-08-03 15:44:14,090 | INFO     | services.dlib_compat | Using dlib compatibility fallback shim.
2026-08-03 15:44:14,511 | INFO     | services.dlib_compat | Using dlib compatibility fallback shim.
2026-08-03 15:44:14,954 | INFO     | services.dlib_compat | Using dlib compatibility fallback shim.
2026-08-03 15:44:15,376 | INFO     | services.dlib_compat | Using dlib compatibility fallback shim.
2026-08-03 15:44:15,893 | INFO     | services.dlib_compat | Using dlib compatibility fallback shim.
2026-08-03 15:44:16,342 | INFO     | services.dlib_compat | Using dlib compatibility fallback shim.
2026-08-03 15:44:16,699 | INFO     | services.dlib_compat | Using dlib compatibility fallback shim.
2026-08-03 15:44:17,094 | INFO     | services.dlib_compat | Using dlib compatibility fallback shim.
2026-08-03 15:44:17,460 | INFO     | services.dlib_compat | Using dlib compatibility fallback shim.
2026-08-03 15:44:17,865 | INFO     | services.dlib_compat | Using dlib compatibility fallback shim.
2026-08-03 15:44:18,279 | INFO     | services.dlib_compat | Using dlib compatibility fallback shim.
2026-08-03 15:44:18,657 | INFO     | services.dlib_compat | Using dlib compatibility fallback shim.
2026-08-03 15:44:19,116 | INFO     | services.dlib_compat | Using dlib compatibility fallback shim.
2026-08-03 15:44:19,503 | INFO     | services.dlib_compat | Using dlib compatibility fallback shim.
2026-08-03 15:44:19,973 | INFO     | services.dlib_compat | Using dlib compatibility fallback shim.
2026-08-03 15:44:20,358 | INFO     | services.dlib_compat | Using dlib compatibility fallback shim.
2026-08-03 15:44:20,723 | INFO     | services.dlib_compat | Using dlib compatibility fallback shim.
2026-08-03 15:44:21,488 | INFO     | services.dlib_compat | Using dlib compatibility fallback shim.
2026-08-03 15:44:21,910 | INFO     | services.dlib_compat | Using dlib compatibility fallback shim.
2026-08-03 15:44:22,654 | INFO     | services.dlib_compat | Using dlib compatibility fallback shim.
2026-08-03 15:44:23,055 | INFO     | services.dlib_compat | Using dlib compatibility fallback shim.
2026-08-03 15:44:23,413 | INFO     | services.dlib_compat | Using dlib compatibility fallback shim.
2026-08-03 15:44:23,780 | INFO     | services.dlib_compat | Using dlib compatibility fallback shim.
2026-08-03 15:44:24,169 | INFO     | services.dlib_compat | Using dlib compatibility fallback shim.
2026-08-03 15:44:25,006 | INFO     | services.dlib_compat | Using dlib compatibility fallback shim.
2026-08-03 15:44:25,389 | INFO     | services.dlib_compat | Using dlib compatibility fallback shim.
2026-08-03 15:44:25,764 | INFO     | services.dlib_compat | Using dlib compatibility fallback shim.
2026-08-03 15:44:26,532 | INFO     | services.report_manager | Exported 1 row(s) to PDF: C:\Users\HP\Downloads\attendance_export.pdf
2026-08-03 15:44:26,570 | INFO     | services.dlib_compat | Using dlib compatibility fallback shim.
2026-08-03 15:44:26,956 | INFO     | services.dlib_compat | Using dlib compatibility fallback shim.
2026-08-03 15:44:27,365 | INFO     | services.dlib_compat | Using dlib compatibility fallback shim.
2026-08-03 15:44:27,738 | INFO     | services.dlib_compat | Using dlib compatibility fallback shim.
2026-08-03 15:44:28,105 | INFO     | services.dlib_compat | Using dlib compatibility fallback shim.
2026-08-03 15:44:28,524 | INFO     | services.dlib_compat | Using dlib compatibility fallback shim.
2026-08-03 15:44:29,050 | INFO     | services.dlib_compat | Using dlib compatibility fallback shim.
2026-08-03 15:44:29,451 | INFO     | services.dlib_compat | Using dlib compatibility fallback shim.
2026-08-03 15:44:29,852 | INFO     | services.dlib_compat | Using dlib compatibility fallback shim.
2026-08-03 15:44:30,612 | INFO     | services.dlib_compat | Using dlib compatibility fallback shim.
2026-08-03 15:44:31,120 | INFO     | services.dlib_compat | Using dlib compatibility fallback shim.
2026-08-03 15:44:31,595 | INFO     | services.dlib_compat | Using dlib compatibility fallback shim.
2026-08-03 15:44:32,129 | INFO     | services.dlib_compat | Using dlib compatibility fallback shim.
2026-08-03 15:44:32,743 | INFO     | services.dlib_compat | Using dlib compatibility fallback shim.
2026-08-03 15:44:33,227 | INFO     | services.dlib_compat | Using dlib compatibility fallback shim.
2026-08-03 15:44:33,603 | INFO     | services.dlib_compat | Using dlib compatibility fallback shim.
2026-08-03 15:44:33,975 | INFO     | services.dlib_compat | Using dlib compatibility fallback shim.
2026-08-03 15:44:34,362 | INFO     | services.dlib_compat | Using dlib compatibility fallback shim.
2026-08-03 15:44:35,115 | INFO     | services.camera_manager | Camera released.
2026-08-03 15:44:35,274 | INFO     | __main__ | Smart Attendance System shut down normally.
2026-08-03 15:47:43,842 | INFO     | __main__ | Smart Attendance System starting up.
2026-08-03 15:47:43,842 | INFO     | utils.bootstrap | Directory bootstrap complete. 6 directories verified.
2026-08-03 15:47:47,447 | INFO     | services.database_manager | Database schema verified/created at C:\Users\HP\OneDrive\Documents\Desktop\VAYUROME Working\VS Code\VAS Attendance System + hardware\smart_attendance_system\database\employee_data.db
2026-08-03 15:47:58,500 | INFO     | services.auth_manager | Admin login successful: admin
2026-08-03 15:47:58,634 | INFO     | services.database_manager | Database schema verified/created at C:\Users\HP\OneDrive\Documents\Desktop\VAYUROME Working\VS Code\VAS Attendance System + hardware\smart_attendance_system\database\employee_data.db
2026-08-03 15:47:58,662 | INFO     | services.encoding_cache | Loaded encoding cache: 2 employee(s), 3 total encoding(s).
2026-08-03 15:48:05,634 | INFO     | services.camera_manager | Camera opened (backend=OpenCVWebcamSource, 1280x720)
2026-08-03 15:48:07,523 | INFO     | services.dlib_compat | Using dlib compatibility fallback shim.
2026-08-03 15:48:07,853 | WARNING  | services.dlib_compat | dlib compatibility shim: compute_face_descriptor() required call pattern 'positional_jitters' instead of face_recognition's default. This means your installed dlib version has a different API than face_recognition 1.3.0 expects - requirements.txt pins dlib<20.0.0 to avoid this; consider reinstalling with `pip install "dlib<20.0.0"` when convenient.
2026-08-03 15:48:07,935 | INFO     | services.notification_manager | [unknown_face/warning] Unknown person detected by camera.
2026-08-03 15:48:08,870 | INFO     | services.dlib_compat | Using dlib compatibility fallback shim.
2026-08-03 15:48:09,317 | INFO     | services.dlib_compat | Using dlib compatibility fallback shim.
2026-08-03 15:48:09,799 | INFO     | services.dlib_compat | Using dlib compatibility fallback shim.
2026-08-03 15:48:10,219 | INFO     | services.dlib_compat | Using dlib compatibility fallback shim.
2026-08-03 15:48:10,653 | INFO     | services.dlib_compat | Using dlib compatibility fallback shim.
2026-08-03 15:48:11,113 | INFO     | services.dlib_compat | Using dlib compatibility fallback shim.
2026-08-03 15:48:11,561 | INFO     | services.dlib_compat | Using dlib compatibility fallback shim.
2026-08-03 15:48:12,012 | INFO     | services.dlib_compat | Using dlib compatibility fallback shim.
2026-08-03 15:48:12,449 | INFO     | services.dlib_compat | Using dlib compatibility fallback shim.
2026-08-03 15:48:12,942 | INFO     | services.dlib_compat | Using dlib compatibility fallback shim.
2026-08-03 15:48:13,603 | INFO     | services.dlib_compat | Using dlib compatibility fallback shim.
2026-08-03 15:48:14,386 | INFO     | services.dlib_compat | Using dlib compatibility fallback shim.
2026-08-03 15:48:15,092 | INFO     | services.dlib_compat | Using dlib compatibility fallback shim.
2026-08-03 15:48:19,853 | INFO     | services.dlib_compat | Using dlib compatibility fallback shim.
2026-08-03 15:48:20,818 | INFO     | services.dlib_compat | Using dlib compatibility fallback shim.
2026-08-03 15:48:21,606 | INFO     | services.dlib_compat | Using dlib compatibility fallback shim.
2026-08-03 15:48:22,322 | INFO     | services.dlib_compat | Using dlib compatibility fallback shim.
2026-08-03 15:48:23,094 | INFO     | services.dlib_compat | Using dlib compatibility fallback shim.
2026-08-03 15:48:24,061 | INFO     | services.dlib_compat | Using dlib compatibility fallback shim.
2026-08-03 15:48:24,985 | INFO     | services.dlib_compat | Using dlib compatibility fallback shim.
2026-08-03 15:48:25,674 | INFO     | services.dlib_compat | Using dlib compatibility fallback shim.
2026-08-03 15:48:26,471 | INFO     | services.dlib_compat | Using dlib compatibility fallback shim.
2026-08-03 15:48:27,249 | INFO     | services.dlib_compat | Using dlib compatibility fallback shim.
2026-08-03 15:48:27,994 | INFO     | services.dlib_compat | Using dlib compatibility fallback shim.
2026-08-03 15:48:28,743 | INFO     | services.dlib_compat | Using dlib compatibility fallback shim.
2026-08-03 15:48:29,535 | INFO     | services.dlib_compat | Using dlib compatibility fallback shim.
2026-08-03 15:48:30,374 | INFO     | services.dlib_compat | Using dlib compatibility fallback shim.
2026-08-03 15:48:31,218 | INFO     | services.dlib_compat | Using dlib compatibility fallback shim.
2026-08-03 15:48:32,075 | INFO     | services.dlib_compat | Using dlib compatibility fallback shim.
2026-08-03 15:48:32,972 | INFO     | services.dlib_compat | Using dlib compatibility fallback shim.
2026-08-03 15:48:33,741 | INFO     | services.dlib_compat | Using dlib compatibility fallback shim.
2026-08-03 15:48:34,485 | INFO     | services.dlib_compat | Using dlib compatibility fallback shim.
2026-08-03 15:48:35,266 | INFO     | services.dlib_compat | Using dlib compatibility fallback shim.
2026-08-03 15:48:36,058 | INFO     | services.dlib_compat | Using dlib compatibility fallback shim.
2026-08-03 15:48:36,829 | INFO     | services.dlib_compat | Using dlib compatibility fallback shim.
2026-08-03 15:48:37,674 | INFO     | services.dlib_compat | Using dlib compatibility fallback shim.
2026-08-03 15:48:38,389 | INFO     | services.dlib_compat | Using dlib compatibility fallback shim.
2026-08-03 15:48:39,172 | INFO     | services.dlib_compat | Using dlib compatibility fallback shim.
2026-08-03 15:48:39,981 | INFO     | services.dlib_compat | Using dlib compatibility fallback shim.
2026-08-03 15:48:40,753 | INFO     | services.dlib_compat | Using dlib compatibility fallback shim.
2026-08-03 15:48:41,571 | INFO     | services.dlib_compat | Using dlib compatibility fallback shim.
2026-08-03 15:48:42,373 | INFO     | services.dlib_compat | Using dlib compatibility fallback shim.
2026-08-03 15:48:43,213 | INFO     | services.dlib_compat | Using dlib compatibility fallback shim.
2026-08-03 15:48:43,884 | INFO     | services.dlib_compat | Using dlib compatibility fallback shim.
2026-08-03 15:48:44,590 | INFO     | services.dlib_compat | Using dlib compatibility fallback shim.
2026-08-03 15:48:45,291 | INFO     | services.dlib_compat | Using dlib compatibility fallback shim.
2026-08-03 15:48:46,081 | INFO     | services.dlib_compat | Using dlib compatibility fallback shim.
2026-08-03 15:48:46,784 | INFO     | services.dlib_compat | Using dlib compatibility fallback shim.
2026-08-03 15:48:47,499 | INFO     | services.dlib_compat | Using dlib compatibility fallback shim.
2026-08-03 15:48:48,230 | INFO     | services.dlib_compat | Using dlib compatibility fallback shim.
2026-08-03 15:48:49,181 | INFO     | services.dlib_compat | Using dlib compatibility fallback shim.
2026-08-03 15:48:49,994 | INFO     | services.dlib_compat | Using dlib compatibility fallback shim.
2026-08-03 15:48:50,748 | INFO     | services.dlib_compat | Using dlib compatibility fallback shim.
2026-08-03 15:48:51,505 | INFO     | services.dlib_compat | Using dlib compatibility fallback shim.
2026-08-03 15:48:52,222 | INFO     | services.dlib_compat | Using dlib compatibility fallback shim.
2026-08-03 15:48:52,958 | INFO     | services.dlib_compat | Using dlib compatibility fallback shim.
2026-08-03 15:48:53,759 | INFO     | services.dlib_compat | Using dlib compatibility fallback shim.
2026-08-03 15:48:54,341 | INFO     | services.dlib_compat | Using dlib compatibility fallback shim.
2026-08-03 15:48:55,020 | INFO     | services.dlib_compat | Using dlib compatibility fallback shim.
2026-08-03 15:48:55,723 | INFO     | services.dlib_compat | Using dlib compatibility fallback shim.
2026-08-03 15:48:56,474 | INFO     | services.dlib_compat | Using dlib compatibility fallback shim.
2026-08-03 15:48:57,055 | INFO     | services.dlib_compat | Using dlib compatibility fallback shim.
2026-08-03 15:48:57,666 | INFO     | services.dlib_compat | Using dlib compatibility fallback shim.
2026-08-03 15:48:58,219 | INFO     | services.dlib_compat | Using dlib compatibility fallback shim.
2026-08-03 15:48:58,665 | INFO     | services.dlib_compat | Using dlib compatibility fallback shim.
2026-08-03 15:48:59,240 | INFO     | services.dlib_compat | Using dlib compatibility fallback shim.
2026-08-03 15:48:59,993 | INFO     | services.dlib_compat | Using dlib compatibility fallback shim.
2026-08-03 15:49:00,718 | INFO     | services.dlib_compat | Using dlib compatibility fallback shim.
2026-08-03 15:49:01,451 | INFO     | services.dlib_compat | Using dlib compatibility fallback shim.
2026-08-03 15:49:02,101 | INFO     | services.dlib_compat | Using dlib compatibility fallback shim.
2026-08-03 15:49:02,683 | INFO     | services.dlib_compat | Using dlib compatibility fallback shim.
2026-08-03 15:49:03,253 | INFO     | services.dlib_compat | Using dlib compatibility fallback shim.
2026-08-03 15:49:03,885 | INFO     | services.dlib_compat | Using dlib compatibility fallback shim.
2026-08-03 15:49:04,407 | INFO     | services.dlib_compat | Using dlib compatibility fallback shim.
2026-08-03 15:49:04,847 | INFO     | services.dlib_compat | Using dlib compatibility fallback shim.
2026-08-03 15:49:05,329 | INFO     | services.dlib_compat | Using dlib compatibility fallback shim.
2026-08-03 15:49:05,810 | INFO     | services.dlib_compat | Using dlib compatibility fallback shim.
2026-08-03 15:49:06,286 | INFO     | services.dlib_compat | Using dlib compatibility fallback shim.
2026-08-03 15:49:06,737 | INFO     | services.dlib_compat | Using dlib compatibility fallback shim.
2026-08-03 15:49:07,206 | INFO     | services.dlib_compat | Using dlib compatibility fallback shim.
2026-08-03 15:49:07,646 | INFO     | services.dlib_compat | Using dlib compatibility fallback shim.
2026-08-03 15:50:07,442 | INFO     | services.dlib_compat | Using dlib compatibility fallback shim.
2026-08-03 15:50:07,894 | INFO     | services.dlib_compat | Using dlib compatibility fallback shim.
2026-08-03 15:50:12,756 | INFO     | services.dlib_compat | Using dlib compatibility fallback shim.
2026-08-03 15:50:13,104 | INFO     | services.notification_manager | [unknown_face/warning] Unknown person detected by camera.
2026-08-03 15:50:13,184 | INFO     | services.dlib_compat | Using dlib compatibility fallback shim.
2026-08-03 15:50:13,605 | INFO     | services.notification_manager | [unknown_face/warning] Unknown person detected by camera.
2026-08-03 15:50:13,684 | INFO     | services.dlib_compat | Using dlib compatibility fallback shim.
2026-08-03 15:50:14,234 | INFO     | services.dlib_compat | Using dlib compatibility fallback shim.
2026-08-03 15:50:14,563 | INFO     | services.notification_manager | [unknown_face/warning] Unknown person detected by camera.
2026-08-03 15:50:14,636 | INFO     | services.dlib_compat | Using dlib compatibility fallback shim.
2026-08-03 15:50:14,981 | INFO     | services.notification_manager | [unknown_face/warning] Unknown person detected by camera.
2026-08-03 15:50:15,832 | INFO     | services.dlib_compat | Using dlib compatibility fallback shim.
2026-08-03 15:50:16,279 | INFO     | services.dlib_compat | Using dlib compatibility fallback shim.
2026-08-03 15:50:16,671 | INFO     | services.notification_manager | [unknown_face/warning] Unknown person detected by camera.
2026-08-03 15:50:16,861 | INFO     | services.dlib_compat | Using dlib compatibility fallback shim.
2026-08-03 15:50:17,241 | INFO     | services.notification_manager | [unknown_face/warning] Unknown person detected by camera.
2026-08-03 15:50:17,314 | INFO     | services.dlib_compat | Using dlib compatibility fallback shim.
2026-08-03 15:50:22,288 | INFO     | services.dlib_compat | Using dlib compatibility fallback shim.
2026-08-03 15:50:22,827 | INFO     | services.dlib_compat | Using dlib compatibility fallback shim.
2026-08-03 15:50:23,260 | INFO     | services.dlib_compat | Using dlib compatibility fallback shim.
2026-08-03 15:50:23,728 | INFO     | services.dlib_compat | Using dlib compatibility fallback shim.
2026-08-03 15:50:24,193 | INFO     | services.dlib_compat | Using dlib compatibility fallback shim.
2026-08-03 15:50:24,619 | INFO     | services.dlib_compat | Using dlib compatibility fallback shim.
2026-08-03 15:50:26,299 | INFO     | services.dlib_compat | Using dlib compatibility fallback shim.
2026-08-03 15:50:26,763 | INFO     | services.dlib_compat | Using dlib compatibility fallback shim.
2026-08-03 15:50:27,378 | INFO     | services.dlib_compat | Using dlib compatibility fallback shim.
2026-08-03 15:50:29,413 | INFO     | services.dlib_compat | Using dlib compatibility fallback shim.
2026-08-03 15:50:29,853 | INFO     | services.dlib_compat | Using dlib compatibility fallback shim.
2026-08-03 15:50:30,280 | INFO     | services.dlib_compat | Using dlib compatibility fallback shim.
2026-08-03 15:50:30,687 | INFO     | services.dlib_compat | Using dlib compatibility fallback shim.
2026-08-03 15:50:31,138 | INFO     | services.dlib_compat | Using dlib compatibility fallback shim.
2026-08-03 15:50:31,558 | INFO     | services.dlib_compat | Using dlib compatibility fallback shim.
2026-08-03 15:50:32,012 | INFO     | services.dlib_compat | Using dlib compatibility fallback shim.
2026-08-03 15:50:32,490 | INFO     | services.dlib_compat | Using dlib compatibility fallback shim.
2026-08-03 15:50:32,934 | INFO     | services.dlib_compat | Using dlib compatibility fallback shim.
2026-08-03 15:50:35,788 | INFO     | services.dlib_compat | Using dlib compatibility fallback shim.
2026-08-03 15:50:36,240 | INFO     | services.dlib_compat | Using dlib compatibility fallback shim.
2026-08-03 15:50:36,793 | INFO     | services.dlib_compat | Using dlib compatibility fallback shim.
2026-08-03 15:50:37,306 | INFO     | services.dlib_compat | Using dlib compatibility fallback shim.
2026-08-03 15:50:37,664 | INFO     | services.notification_manager | [unknown_face/warning] Unknown person detected by camera.
2026-08-03 15:50:37,745 | INFO     | services.dlib_compat | Using dlib compatibility fallback shim.
2026-08-03 15:50:38,164 | INFO     | services.dlib_compat | Using dlib compatibility fallback shim.
2026-08-03 15:50:38,596 | INFO     | services.dlib_compat | Using dlib compatibility fallback shim.
2026-08-03 15:50:38,945 | INFO     | services.notification_manager | [unknown_face/warning] Unknown person detected by camera.
2026-08-03 15:50:39,026 | INFO     | services.dlib_compat | Using dlib compatibility fallback shim.
2026-08-03 15:50:39,454 | INFO     | services.dlib_compat | Using dlib compatibility fallback shim.
2026-08-03 15:50:39,887 | INFO     | services.dlib_compat | Using dlib compatibility fallback shim.
2026-08-03 15:50:40,504 | INFO     | services.dlib_compat | Using dlib compatibility fallback shim.
2026-08-03 15:50:40,925 | INFO     | services.dlib_compat | Using dlib compatibility fallback shim.
2026-08-03 15:50:41,342 | INFO     | services.dlib_compat | Using dlib compatibility fallback shim.
2026-08-03 15:50:41,810 | INFO     | services.dlib_compat | Using dlib compatibility fallback shim.
2026-08-03 15:50:42,350 | INFO     | services.dlib_compat | Using dlib compatibility fallback shim.
2026-08-03 15:50:42,945 | INFO     | services.dlib_compat | Using dlib compatibility fallback shim.
2026-08-03 15:50:43,556 | INFO     | services.dlib_compat | Using dlib compatibility fallback shim.
2026-08-03 15:50:44,212 | INFO     | services.dlib_compat | Using dlib compatibility fallback shim.
2026-08-03 15:50:45,284 | INFO     | services.dlib_compat | Using dlib compatibility fallback shim.
2026-08-03 15:50:46,148 | INFO     | services.dlib_compat | Using dlib compatibility fallback shim.
2026-08-03 15:50:46,876 | INFO     | services.dlib_compat | Using dlib compatibility fallback shim.
2026-08-03 15:50:47,531 | INFO     | services.dlib_compat | Using dlib compatibility fallback shim.
2026-08-03 15:50:48,249 | INFO     | services.dlib_compat | Using dlib compatibility fallback shim.
2026-08-03 15:50:49,230 | INFO     | services.dlib_compat | Using dlib compatibility fallback shim.
2026-08-03 15:50:50,057 | INFO     | services.dlib_compat | Using dlib compatibility fallback shim.
2026-08-03 15:50:50,794 | INFO     | services.dlib_compat | Using dlib compatibility fallback shim.
2026-08-03 15:50:51,449 | INFO     | services.dlib_compat | Using dlib compatibility fallback shim.
2026-08-03 15:50:52,200 | INFO     | services.dlib_compat | Using dlib compatibility fallback shim.
2026-08-03 15:50:52,876 | INFO     | services.dlib_compat | Using dlib compatibility fallback shim.
2026-08-03 15:50:53,556 | INFO     | services.dlib_compat | Using dlib compatibility fallback shim.
2026-08-03 15:50:54,579 | INFO     | services.notification_manager | [unknown_face/warning] Unknown person detected by camera.
2026-08-03 15:50:54,665 | INFO     | services.dlib_compat | Using dlib compatibility fallback shim.
2026-08-03 15:50:55,262 | INFO     | services.dlib_compat | Using dlib compatibility fallback shim.
2026-08-03 15:50:55,802 | INFO     | services.dlib_compat | Using dlib compatibility fallback shim.
2026-08-03 15:50:56,293 | INFO     | services.dlib_compat | Using dlib compatibility fallback shim.
2026-08-03 15:50:56,764 | INFO     | services.dlib_compat | Using dlib compatibility fallback shim.
2026-08-03 15:50:57,216 | INFO     | services.dlib_compat | Using dlib compatibility fallback shim.
2026-08-03 15:50:57,637 | INFO     | services.dlib_compat | Using dlib compatibility fallback shim.
2026-08-03 15:50:58,454 | INFO     | services.notification_manager | [unknown_face/warning] Unknown person detected by camera.
2026-08-03 15:50:58,535 | INFO     | services.dlib_compat | Using dlib compatibility fallback shim.
2026-08-03 15:50:58,992 | INFO     | services.dlib_compat | Using dlib compatibility fallback shim.
2026-08-03 15:50:59,390 | INFO     | services.notification_manager | [unknown_face/warning] Unknown person detected by camera.
2026-08-03 15:50:59,474 | INFO     | services.dlib_compat | Using dlib compatibility fallback shim.
2026-08-03 15:50:59,984 | INFO     | services.notification_manager | [unknown_face/warning] Unknown person detected by camera.
2026-08-03 15:51:00,076 | INFO     | services.dlib_compat | Using dlib compatibility fallback shim.
2026-08-03 15:51:00,598 | INFO     | services.notification_manager | [unknown_face/warning] Unknown person detected by camera.
2026-08-03 15:51:02,255 | INFO     | services.dlib_compat | Using dlib compatibility fallback shim.
2026-08-03 15:51:02,856 | INFO     | services.dlib_compat | Using dlib compatibility fallback shim.
2026-08-03 15:51:03,483 | INFO     | services.dlib_compat | Using dlib compatibility fallback shim.
2026-08-03 15:51:04,095 | INFO     | services.dlib_compat | Using dlib compatibility fallback shim.
2026-08-03 15:51:04,741 | INFO     | services.dlib_compat | Using dlib compatibility fallback shim.
2026-08-03 15:51:05,271 | INFO     | services.dlib_compat | Using dlib compatibility fallback shim.
2026-08-03 15:51:05,755 | INFO     | services.dlib_compat | Using dlib compatibility fallback shim.
2026-08-03 15:51:08,116 | INFO     | services.dlib_compat | Using dlib compatibility fallback shim.
2026-08-03 15:51:08,552 | INFO     | services.dlib_compat | Using dlib compatibility fallback shim.
2026-08-03 15:51:08,983 | INFO     | services.dlib_compat | Using dlib compatibility fallback shim.
2026-08-03 15:51:09,403 | INFO     | services.dlib_compat | Using dlib compatibility fallback shim.
2026-08-03 15:51:09,897 | INFO     | services.dlib_compat | Using dlib compatibility fallback shim.
2026-08-03 15:51:10,348 | INFO     | services.dlib_compat | Using dlib compatibility fallback shim.
2026-08-03 15:51:10,829 | INFO     | services.dlib_compat | Using dlib compatibility fallback shim.
2026-08-03 15:51:11,297 | INFO     | services.dlib_compat | Using dlib compatibility fallback shim.
2026-08-03 15:51:11,774 | INFO     | services.dlib_compat | Using dlib compatibility fallback shim.
2026-08-03 15:51:12,220 | INFO     | services.dlib_compat | Using dlib compatibility fallback shim.
2026-08-03 15:51:12,719 | INFO     | services.dlib_compat | Using dlib compatibility fallback shim.
2026-08-03 15:51:13,276 | INFO     | services.dlib_compat | Using dlib compatibility fallback shim.
2026-08-03 15:51:13,715 | INFO     | services.dlib_compat | Using dlib compatibility fallback shim.
2026-08-03 15:51:14,167 | INFO     | services.dlib_compat | Using dlib compatibility fallback shim.
2026-08-03 15:51:14,602 | INFO     | services.dlib_compat | Using dlib compatibility fallback shim.
2026-08-03 15:51:15,049 | INFO     | services.dlib_compat | Using dlib compatibility fallback shim.
2026-08-03 15:51:15,488 | INFO     | services.dlib_compat | Using dlib compatibility fallback shim.
2026-08-03 15:51:15,991 | INFO     | services.dlib_compat | Using dlib compatibility fallback shim.
2026-08-03 15:51:16,536 | INFO     | services.dlib_compat | Using dlib compatibility fallback shim.
2026-08-03 15:51:16,990 | INFO     | services.dlib_compat | Using dlib compatibility fallback shim.
2026-08-03 15:51:17,439 | INFO     | services.dlib_compat | Using dlib compatibility fallback shim.
2026-08-03 15:51:17,913 | INFO     | services.dlib_compat | Using dlib compatibility fallback shim.
2026-08-03 15:51:18,412 | INFO     | services.dlib_compat | Using dlib compatibility fallback shim.
2026-08-03 15:51:18,849 | INFO     | services.dlib_compat | Using dlib compatibility fallback shim.
2026-08-03 15:51:19,274 | INFO     | services.dlib_compat | Using dlib compatibility fallback shim.
2026-08-03 15:51:19,728 | INFO     | services.dlib_compat | Using dlib compatibility fallback shim.
2026-08-03 15:51:20,157 | INFO     | services.dlib_compat | Using dlib compatibility fallback shim.
2026-08-03 15:51:20,593 | INFO     | services.dlib_compat | Using dlib compatibility fallback shim.
2026-08-03 15:51:21,046 | INFO     | services.dlib_compat | Using dlib compatibility fallback shim.
2026-08-03 15:51:21,498 | INFO     | services.dlib_compat | Using dlib compatibility fallback shim.
2026-08-03 15:51:21,983 | INFO     | services.dlib_compat | Using dlib compatibility fallback shim.
2026-08-03 15:51:22,436 | INFO     | services.dlib_compat | Using dlib compatibility fallback shim.
2026-08-03 15:51:22,948 | INFO     | services.dlib_compat | Using dlib compatibility fallback shim.
2026-08-03 15:51:23,565 | INFO     | services.dlib_compat | Using dlib compatibility fallback shim.
2026-08-03 15:51:24,088 | INFO     | services.dlib_compat | Using dlib compatibility fallback shim.
2026-08-03 15:51:24,649 | INFO     | services.dlib_compat | Using dlib compatibility fallback shim.
2026-08-03 15:51:25,197 | INFO     | services.dlib_compat | Using dlib compatibility fallback shim.
2026-08-03 15:51:25,663 | INFO     | services.dlib_compat | Using dlib compatibility fallback shim.
2026-08-03 15:51:26,040 | INFO     | services.dlib_compat | Using dlib compatibility fallback shim.
2026-08-03 15:51:26,424 | INFO     | services.dlib_compat | Using dlib compatibility fallback shim.
2026-08-03 15:51:26,806 | INFO     | services.dlib_compat | Using dlib compatibility fallback shim.
2026-08-03 15:51:27,181 | INFO     | services.dlib_compat | Using dlib compatibility fallback shim.
2026-08-03 15:51:27,589 | INFO     | services.dlib_compat | Using dlib compatibility fallback shim.
2026-08-03 15:51:27,996 | INFO     | services.dlib_compat | Using dlib compatibility fallback shim.
2026-08-03 15:51:28,405 | INFO     | services.dlib_compat | Using dlib compatibility fallback shim.
2026-08-03 15:51:28,777 | INFO     | services.dlib_compat | Using dlib compatibility fallback shim.
2026-08-03 15:51:29,153 | INFO     | services.dlib_compat | Using dlib compatibility fallback shim.
2026-08-03 15:51:29,553 | INFO     | services.dlib_compat | Using dlib compatibility fallback shim.
2026-08-03 15:51:29,944 | INFO     | services.dlib_compat | Using dlib compatibility fallback shim.
2026-08-03 15:51:30,319 | INFO     | services.dlib_compat | Using dlib compatibility fallback shim.
2026-08-03 15:51:30,718 | INFO     | services.dlib_compat | Using dlib compatibility fallback shim.
2026-08-03 15:51:31,123 | INFO     | services.dlib_compat | Using dlib compatibility fallback shim.
2026-08-03 15:51:31,500 | INFO     | services.dlib_compat | Using dlib compatibility fallback shim.
2026-08-03 15:51:31,859 | INFO     | services.dlib_compat | Using dlib compatibility fallback shim.
2026-08-03 15:51:32,265 | INFO     | services.dlib_compat | Using dlib compatibility fallback shim.
2026-08-03 15:51:32,655 | INFO     | services.dlib_compat | Using dlib compatibility fallback shim.
2026-08-03 15:51:33,030 | INFO     | services.dlib_compat | Using dlib compatibility fallback shim.
2026-08-03 15:51:33,446 | INFO     | services.dlib_compat | Using dlib compatibility fallback shim.
2026-08-03 15:51:33,859 | INFO     | services.dlib_compat | Using dlib compatibility fallback shim.
2026-08-03 15:51:34,231 | INFO     | services.dlib_compat | Using dlib compatibility fallback shim.
2026-08-03 15:51:34,625 | INFO     | services.dlib_compat | Using dlib compatibility fallback shim.
2026-08-03 15:51:35,029 | INFO     | services.dlib_compat | Using dlib compatibility fallback shim.
2026-08-03 15:51:35,396 | INFO     | services.dlib_compat | Using dlib compatibility fallback shim.
2026-08-03 15:51:35,760 | INFO     | services.dlib_compat | Using dlib compatibility fallback shim.
2026-08-03 15:51:36,130 | INFO     | services.dlib_compat | Using dlib compatibility fallback shim.
2026-08-03 15:51:36,547 | INFO     | services.dlib_compat | Using dlib compatibility fallback shim.
2026-08-03 15:51:36,965 | INFO     | services.dlib_compat | Using dlib compatibility fallback shim.
2026-08-03 15:51:37,371 | INFO     | services.dlib_compat | Using dlib compatibility fallback shim.
2026-08-03 15:51:37,774 | INFO     | services.dlib_compat | Using dlib compatibility fallback shim.
2026-08-03 15:51:38,200 | INFO     | services.dlib_compat | Using dlib compatibility fallback shim.
2026-08-03 15:51:38,684 | INFO     | services.dlib_compat | Using dlib compatibility fallback shim.
2026-08-03 15:51:39,132 | INFO     | services.dlib_compat | Using dlib compatibility fallback shim.
2026-08-03 15:51:39,597 | INFO     | services.dlib_compat | Using dlib compatibility fallback shim.
2026-08-03 15:51:40,040 | INFO     | services.dlib_compat | Using dlib compatibility fallback shim.
2026-08-03 15:51:40,468 | INFO     | services.dlib_compat | Using dlib compatibility fallback shim.
2026-08-03 15:51:40,874 | INFO     | services.dlib_compat | Using dlib compatibility fallback shim.
2026-08-03 15:51:41,293 | INFO     | services.dlib_compat | Using dlib compatibility fallback shim.
2026-08-03 15:51:41,690 | INFO     | services.dlib_compat | Using dlib compatibility fallback shim.
2026-08-03 15:51:42,072 | INFO     | services.dlib_compat | Using dlib compatibility fallback shim.
2026-08-03 15:51:42,482 | INFO     | services.dlib_compat | Using dlib compatibility fallback shim.
2026-08-03 15:51:42,872 | INFO     | services.dlib_compat | Using dlib compatibility fallback shim.
2026-08-03 15:51:43,305 | INFO     | services.dlib_compat | Using dlib compatibility fallback shim.
2026-08-03 15:51:43,732 | INFO     | services.dlib_compat | Using dlib compatibility fallback shim.
2026-08-03 15:51:44,198 | INFO     | services.dlib_compat | Using dlib compatibility fallback shim.
2026-08-03 15:51:44,680 | INFO     | services.dlib_compat | Using dlib compatibility fallback shim.
2026-08-03 15:51:45,190 | INFO     | services.dlib_compat | Using dlib compatibility fallback shim.
2026-08-03 15:51:45,600 | INFO     | services.dlib_compat | Using dlib compatibility fallback shim.
2026-08-03 15:51:46,034 | INFO     | services.dlib_compat | Using dlib compatibility fallback shim.
2026-08-03 15:51:46,436 | INFO     | services.dlib_compat | Using dlib compatibility fallback shim.
2026-08-03 15:51:46,845 | INFO     | services.dlib_compat | Using dlib compatibility fallback shim.
2026-08-03 15:51:47,262 | INFO     | services.dlib_compat | Using dlib compatibility fallback shim.
2026-08-03 15:51:47,667 | INFO     | services.dlib_compat | Using dlib compatibility fallback shim.
2026-08-03 15:51:48,062 | INFO     | services.dlib_compat | Using dlib compatibility fallback shim.
2026-08-03 15:51:48,452 | INFO     | services.dlib_compat | Using dlib compatibility fallback shim.
2026-08-03 15:51:48,884 | INFO     | services.dlib_compat | Using dlib compatibility fallback shim.
2026-08-03 15:51:49,310 | INFO     | services.dlib_compat | Using dlib compatibility fallback shim.
2026-08-03 15:51:49,712 | INFO     | services.dlib_compat | Using dlib compatibility fallback shim.
2026-08-03 15:51:50,099 | INFO     | services.dlib_compat | Using dlib compatibility fallback shim.
2026-08-03 15:51:50,528 | INFO     | services.dlib_compat | Using dlib compatibility fallback shim.
2026-08-03 15:51:50,923 | INFO     | services.dlib_compat | Using dlib compatibility fallback shim.
2026-08-03 15:51:51,330 | INFO     | services.dlib_compat | Using dlib compatibility fallback shim.
2026-08-03 15:51:51,759 | INFO     | services.dlib_compat | Using dlib compatibility fallback shim.
2026-08-03 15:51:52,179 | INFO     | services.dlib_compat | Using dlib compatibility fallback shim.
2026-08-03 15:51:52,609 | INFO     | services.dlib_compat | Using dlib compatibility fallback shim.
2026-08-03 15:51:53,012 | INFO     | services.dlib_compat | Using dlib compatibility fallback shim.
2026-08-03 15:51:53,428 | INFO     | services.dlib_compat | Using dlib compatibility fallback shim.
2026-08-03 15:51:53,874 | INFO     | services.dlib_compat | Using dlib compatibility fallback shim.
2026-08-03 15:51:54,275 | INFO     | services.dlib_compat | Using dlib compatibility fallback shim.
2026-08-03 15:51:54,729 | INFO     | services.dlib_compat | Using dlib compatibility fallback shim.
2026-08-03 15:51:55,171 | INFO     | services.dlib_compat | Using dlib compatibility fallback shim.
2026-08-03 15:51:55,563 | INFO     | services.dlib_compat | Using dlib compatibility fallback shim.
2026-08-03 15:51:55,975 | INFO     | services.dlib_compat | Using dlib compatibility fallback shim.
2026-08-03 15:51:56,390 | INFO     | services.dlib_compat | Using dlib compatibility fallback shim.
2026-08-03 15:51:56,792 | INFO     | services.dlib_compat | Using dlib compatibility fallback shim.
2026-08-03 15:51:57,203 | INFO     | services.dlib_compat | Using dlib compatibility fallback shim.
2026-08-03 15:51:57,609 | INFO     | services.dlib_compat | Using dlib compatibility fallback shim.
2026-08-03 15:51:58,036 | INFO     | services.dlib_compat | Using dlib compatibility fallback shim.
2026-08-03 15:51:58,439 | INFO     | services.dlib_compat | Using dlib compatibility fallback shim.
2026-08-03 15:51:58,870 | INFO     | services.dlib_compat | Using dlib compatibility fallback shim.
2026-08-03 15:51:59,241 | INFO     | services.dlib_compat | Using dlib compatibility fallback shim.
2026-08-03 15:51:59,653 | INFO     | services.dlib_compat | Using dlib compatibility fallback shim.
2026-08-03 15:52:00,051 | INFO     | services.dlib_compat | Using dlib compatibility fallback shim.
2026-08-03 15:52:00,559 | INFO     | services.dlib_compat | Using dlib compatibility fallback shim.
2026-08-03 15:52:00,951 | INFO     | services.dlib_compat | Using dlib compatibility fallback shim.
2026-08-03 15:52:01,548 | INFO     | services.dlib_compat | Using dlib compatibility fallback shim.
2026-08-03 15:52:01,968 | INFO     | services.dlib_compat | Using dlib compatibility fallback shim.
2026-08-03 15:52:02,355 | INFO     | services.dlib_compat | Using dlib compatibility fallback shim.
2026-08-03 15:52:02,806 | INFO     | services.dlib_compat | Using dlib compatibility fallback shim.
2026-08-03 15:52:03,206 | INFO     | services.dlib_compat | Using dlib compatibility fallback shim.
2026-08-03 15:52:04,069 | INFO     | services.dlib_compat | Using dlib compatibility fallback shim.
2026-08-03 15:52:04,433 | INFO     | services.dlib_compat | Using dlib compatibility fallback shim.
2026-08-03 15:52:04,856 | INFO     | services.dlib_compat | Using dlib compatibility fallback shim.
2026-08-03 15:52:05,477 | INFO     | services.dlib_compat | Using dlib compatibility fallback shim.
2026-08-03 15:52:05,885 | INFO     | services.dlib_compat | Using dlib compatibility fallback shim.
2026-08-03 15:52:06,219 | INFO     | services.notification_manager | [unknown_face/warning] Unknown person detected by camera.
2026-08-03 15:52:06,295 | INFO     | services.dlib_compat | Using dlib compatibility fallback shim.
2026-08-03 15:52:06,876 | INFO     | services.dlib_compat | Using dlib compatibility fallback shim.
2026-08-03 15:52:07,360 | INFO     | services.dlib_compat | Using dlib compatibility fallback shim.
2026-08-03 15:52:08,038 | INFO     | services.dlib_compat | Using dlib compatibility fallback shim.
2026-08-03 15:52:10,114 | INFO     | services.dlib_compat | Using dlib compatibility fallback shim.
2026-08-03 15:52:57,166 | INFO     | services.dlib_compat | Using dlib compatibility fallback shim.
2026-08-03 15:52:57,699 | INFO     | services.dlib_compat | Using dlib compatibility fallback shim.
2026-08-03 15:52:58,123 | INFO     | services.dlib_compat | Using dlib compatibility fallback shim.
2026-08-03 15:52:58,534 | INFO     | services.dlib_compat | Using dlib compatibility fallback shim.
2026-08-03 15:52:59,030 | INFO     | services.dlib_compat | Using dlib compatibility fallback shim.
2026-08-03 15:53:08,999 | INFO     | services.dlib_compat | Using dlib compatibility fallback shim.
2026-08-03 15:53:25,213 | INFO     | services.dlib_compat | Using dlib compatibility fallback shim.
2026-08-03 15:53:26,285 | INFO     | services.dlib_compat | Using dlib compatibility fallback shim.
2026-08-03 15:53:26,707 | INFO     | services.dlib_compat | Using dlib compatibility fallback shim.
2026-08-03 15:53:27,093 | INFO     | services.dlib_compat | Using dlib compatibility fallback shim.
2026-08-03 15:53:27,541 | INFO     | services.dlib_compat | Using dlib compatibility fallback shim.
2026-08-03 15:53:27,941 | INFO     | services.dlib_compat | Using dlib compatibility fallback shim.
2026-08-03 15:53:28,322 | INFO     | services.dlib_compat | Using dlib compatibility fallback shim.
2026-08-03 15:53:28,736 | INFO     | services.dlib_compat | Using dlib compatibility fallback shim.
2026-08-03 15:53:29,154 | INFO     | services.dlib_compat | Using dlib compatibility fallback shim.
2026-08-03 15:53:29,613 | INFO     | services.dlib_compat | Using dlib compatibility fallback shim.
2026-08-03 15:53:30,037 | INFO     | services.dlib_compat | Using dlib compatibility fallback shim.
2026-08-03 15:53:30,418 | INFO     | services.dlib_compat | Using dlib compatibility fallback shim.
2026-08-03 15:53:30,799 | INFO     | services.dlib_compat | Using dlib compatibility fallback shim.
2026-08-03 15:53:31,193 | INFO     | services.dlib_compat | Using dlib compatibility fallback shim.
2026-08-03 15:53:31,602 | INFO     | services.dlib_compat | Using dlib compatibility fallback shim.
2026-08-03 15:53:32,007 | INFO     | services.dlib_compat | Using dlib compatibility fallback shim.
2026-08-03 15:53:32,496 | INFO     | services.dlib_compat | Using dlib compatibility fallback shim.
2026-08-03 15:53:32,821 | INFO     | services.notification_manager | [unknown_face/warning] Unknown person detected by camera.
2026-08-03 15:53:32,895 | INFO     | services.dlib_compat | Using dlib compatibility fallback shim.
2026-08-03 15:53:33,284 | INFO     | services.dlib_compat | Using dlib compatibility fallback shim.
2026-08-03 15:53:33,683 | INFO     | services.dlib_compat | Using dlib compatibility fallback shim.
2026-08-03 15:53:34,070 | INFO     | services.dlib_compat | Using dlib compatibility fallback shim.
2026-08-03 15:53:34,480 | INFO     | services.dlib_compat | Using dlib compatibility fallback shim.
2026-08-03 15:53:34,900 | INFO     | services.dlib_compat | Using dlib compatibility fallback shim.
2026-08-03 15:53:35,834 | INFO     | services.dlib_compat | Using dlib compatibility fallback shim.
2026-08-03 15:53:36,845 | INFO     | services.dlib_compat | Using dlib compatibility fallback shim.
2026-08-03 15:53:37,217 | INFO     | services.dlib_compat | Using dlib compatibility fallback shim.
2026-08-03 15:53:37,545 | INFO     | services.notification_manager | [unknown_face/warning] Unknown person detected by camera.
2026-08-03 15:53:37,611 | INFO     | services.dlib_compat | Using dlib compatibility fallback shim.
2026-08-03 15:53:37,982 | INFO     | services.dlib_compat | Using dlib compatibility fallback shim.
2026-08-03 15:53:38,392 | INFO     | services.dlib_compat | Using dlib compatibility fallback shim.
2026-08-03 15:53:38,908 | INFO     | services.dlib_compat | Using dlib compatibility fallback shim.
2026-08-03 15:53:39,311 | INFO     | services.dlib_compat | Using dlib compatibility fallback shim.
2026-08-03 15:53:39,870 | INFO     | services.dlib_compat | Using dlib compatibility fallback shim.
2026-08-03 15:53:40,398 | INFO     | services.dlib_compat | Using dlib compatibility fallback shim.
2026-08-03 15:53:41,493 | INFO     | services.dlib_compat | Using dlib compatibility fallback shim.
2026-08-03 15:53:41,862 | INFO     | services.dlib_compat | Using dlib compatibility fallback shim.
2026-08-03 15:53:42,257 | INFO     | services.dlib_compat | Using dlib compatibility fallback shim.
2026-08-03 15:53:42,657 | INFO     | services.dlib_compat | Using dlib compatibility fallback shim.
2026-08-03 15:53:43,040 | INFO     | services.dlib_compat | Using dlib compatibility fallback shim.
2026-08-03 15:53:43,440 | INFO     | services.dlib_compat | Using dlib compatibility fallback shim.
2026-08-03 15:53:43,828 | INFO     | services.dlib_compat | Using dlib compatibility fallback shim.
2026-08-03 15:53:44,241 | INFO     | services.dlib_compat | Using dlib compatibility fallback shim.
2026-08-03 15:53:44,640 | INFO     | services.dlib_compat | Using dlib compatibility fallback shim.
2026-08-03 15:53:45,031 | INFO     | services.dlib_compat | Using dlib compatibility fallback shim.
2026-08-03 15:53:45,444 | INFO     | services.dlib_compat | Using dlib compatibility fallback shim.
2026-08-03 15:53:45,839 | INFO     | services.dlib_compat | Using dlib compatibility fallback shim.
2026-08-03 15:53:46,242 | INFO     | services.dlib_compat | Using dlib compatibility fallback shim.
2026-08-03 15:53:46,635 | INFO     | services.dlib_compat | Using dlib compatibility fallback shim.
2026-08-03 15:53:47,023 | INFO     | services.dlib_compat | Using dlib compatibility fallback shim.
2026-08-03 15:53:47,417 | INFO     | services.dlib_compat | Using dlib compatibility fallback shim.
2026-08-03 15:53:47,787 | INFO     | services.dlib_compat | Using dlib compatibility fallback shim.
2026-08-03 15:53:48,184 | INFO     | services.dlib_compat | Using dlib compatibility fallback shim.
2026-08-03 15:53:48,567 | INFO     | services.dlib_compat | Using dlib compatibility fallback shim.
2026-08-03 15:53:48,936 | INFO     | services.dlib_compat | Using dlib compatibility fallback shim.
2026-08-03 15:53:49,382 | INFO     | services.dlib_compat | Using dlib compatibility fallback shim.
2026-08-03 15:53:49,761 | INFO     | services.dlib_compat | Using dlib compatibility fallback shim.
2026-08-03 15:53:50,182 | INFO     | services.dlib_compat | Using dlib compatibility fallback shim.
2026-08-03 15:53:50,640 | INFO     | services.dlib_compat | Using dlib compatibility fallback shim.
2026-08-03 15:53:51,065 | INFO     | services.dlib_compat | Using dlib compatibility fallback shim.
2026-08-03 15:53:51,482 | INFO     | services.dlib_compat | Using dlib compatibility fallback shim.
2026-08-03 15:53:52,291 | INFO     | services.dlib_compat | Using dlib compatibility fallback shim.
2026-08-03 15:53:52,891 | INFO     | services.dlib_compat | Using dlib compatibility fallback shim.
2026-08-03 15:53:53,203 | INFO     | services.notification_manager | [unknown_face/warning] Unknown person detected by camera.
2026-08-03 15:53:53,278 | INFO     | services.dlib_compat | Using dlib compatibility fallback shim.
2026-08-03 15:53:53,602 | INFO     | services.notification_manager | [unknown_face/warning] Unknown person detected by camera.
2026-08-03 15:53:53,675 | INFO     | services.dlib_compat | Using dlib compatibility fallback shim.
2026-08-03 15:53:53,985 | INFO     | services.notification_manager | [unknown_face/warning] Unknown person detected by camera.
2026-08-03 15:53:54,059 | INFO     | services.dlib_compat | Using dlib compatibility fallback shim.
2026-08-03 15:53:54,368 | INFO     | services.notification_manager | [unknown_face/warning] Unknown person detected by camera.
2026-08-03 15:53:54,438 | INFO     | services.dlib_compat | Using dlib compatibility fallback shim.
2026-08-03 15:53:54,756 | INFO     | services.notification_manager | [unknown_face/warning] Unknown person detected by camera.
2026-08-03 15:53:54,826 | INFO     | services.dlib_compat | Using dlib compatibility fallback shim.
2026-08-03 15:53:55,143 | INFO     | services.notification_manager | [unknown_face/warning] Unknown person detected by camera.
2026-08-03 15:53:55,220 | INFO     | services.dlib_compat | Using dlib compatibility fallback shim.
2026-08-03 15:53:55,708 | INFO     | services.dlib_compat | Using dlib compatibility fallback shim.
2026-08-03 15:53:56,098 | INFO     | services.dlib_compat | Using dlib compatibility fallback shim.
2026-08-03 15:53:56,641 | INFO     | services.dlib_compat | Using dlib compatibility fallback shim.
2026-08-03 15:54:10,271 | INFO     | services.dlib_compat | Using dlib compatibility fallback shim.
2026-08-03 15:54:10,677 | INFO     | services.dlib_compat | Using dlib compatibility fallback shim.
2026-08-03 15:54:11,211 | INFO     | services.dlib_compat | Using dlib compatibility fallback shim.
2026-08-03 15:54:11,853 | INFO     | services.dlib_compat | Using dlib compatibility fallback shim.
2026-08-03 15:54:12,233 | INFO     | services.dlib_compat | Using dlib compatibility fallback shim.
2026-08-03 15:54:29,174 | INFO     | services.dlib_compat | Using dlib compatibility fallback shim.
2026-08-03 15:54:53,767 | INFO     | services.dlib_compat | Using dlib compatibility fallback shim.
2026-08-03 15:54:54,376 | INFO     | services.dlib_compat | Using dlib compatibility fallback shim.
2026-08-03 15:54:54,987 | INFO     | services.dlib_compat | Using dlib compatibility fallback shim.
2026-08-03 15:54:56,152 | INFO     | services.dlib_compat | Using dlib compatibility fallback shim.
2026-08-03 15:54:57,164 | INFO     | services.dlib_compat | Using dlib compatibility fallback shim.
2026-08-03 15:54:58,176 | INFO     | services.dlib_compat | Using dlib compatibility fallback shim.
2026-08-03 15:54:58,873 | INFO     | services.dlib_compat | Using dlib compatibility fallback shim.
2026-08-03 15:54:59,487 | INFO     | services.dlib_compat | Using dlib compatibility fallback shim.
2026-08-03 15:55:02,011 | INFO     | services.dlib_compat | Using dlib compatibility fallback shim.
2026-08-03 15:55:06,061 | INFO     | services.dlib_compat | Using dlib compatibility fallback shim.
2026-08-03 15:55:06,699 | INFO     | services.dlib_compat | Using dlib compatibility fallback shim.
2026-08-03 15:55:07,012 | INFO     | services.notification_manager | [unknown_face/warning] Unknown person detected by camera.
2026-08-03 15:55:09,698 | INFO     | services.dlib_compat | Using dlib compatibility fallback shim.
2026-08-03 15:55:10,103 | INFO     | services.dlib_compat | Using dlib compatibility fallback shim.
2026-08-03 15:55:10,511 | INFO     | services.dlib_compat | Using dlib compatibility fallback shim.
2026-08-03 15:55:11,115 | INFO     | services.dlib_compat | Using dlib compatibility fallback shim.
2026-08-03 15:55:11,506 | INFO     | services.dlib_compat | Using dlib compatibility fallback shim.
2026-08-03 15:55:11,934 | INFO     | services.dlib_compat | Using dlib compatibility fallback shim.
2026-08-03 15:55:12,320 | INFO     | services.dlib_compat | Using dlib compatibility fallback shim.
2026-08-03 15:55:12,702 | INFO     | services.dlib_compat | Using dlib compatibility fallback shim.
2026-08-03 15:55:13,084 | INFO     | services.dlib_compat | Using dlib compatibility fallback shim.
2026-08-03 15:55:13,470 | INFO     | services.dlib_compat | Using dlib compatibility fallback shim.
2026-08-03 15:55:13,915 | INFO     | services.dlib_compat | Using dlib compatibility fallback shim.
2026-08-03 15:55:14,287 | INFO     | services.dlib_compat | Using dlib compatibility fallback shim.
2026-08-03 15:55:14,709 | INFO     | services.dlib_compat | Using dlib compatibility fallback shim.
2026-08-03 15:55:15,214 | INFO     | services.dlib_compat | Using dlib compatibility fallback shim.
2026-08-03 15:55:15,739 | INFO     | services.dlib_compat | Using dlib compatibility fallback shim.
2026-08-03 15:55:16,117 | INFO     | services.dlib_compat | Using dlib compatibility fallback shim.
2026-08-03 15:55:16,540 | INFO     | services.dlib_compat | Using dlib compatibility fallback shim.
2026-08-03 15:55:16,982 | INFO     | services.dlib_compat | Using dlib compatibility fallback shim.
2026-08-03 15:55:17,428 | INFO     | services.dlib_compat | Using dlib compatibility fallback shim.
2026-08-03 15:55:17,984 | INFO     | services.dlib_compat | Using dlib compatibility fallback shim.
2026-08-03 15:55:18,476 | INFO     | services.dlib_compat | Using dlib compatibility fallback shim.
2026-08-03 15:55:18,896 | INFO     | services.dlib_compat | Using dlib compatibility fallback shim.
2026-08-03 15:55:19,326 | INFO     | services.dlib_compat | Using dlib compatibility fallback shim.
2026-08-03 15:55:19,836 | INFO     | services.dlib_compat | Using dlib compatibility fallback shim.
2026-08-03 15:55:20,245 | INFO     | services.dlib_compat | Using dlib compatibility fallback shim.
2026-08-03 15:55:22,690 | INFO     | services.dlib_compat | Using dlib compatibility fallback shim.
2026-08-03 15:55:23,013 | INFO     | services.notification_manager | [unknown_face/warning] Unknown person detected by camera.
2026-08-03 15:55:23,088 | INFO     | services.dlib_compat | Using dlib compatibility fallback shim.
2026-08-03 15:55:23,494 | INFO     | services.dlib_compat | Using dlib compatibility fallback shim.
2026-08-03 15:55:23,940 | INFO     | services.dlib_compat | Using dlib compatibility fallback shim.
2026-08-03 15:55:24,343 | INFO     | services.dlib_compat | Using dlib compatibility fallback shim.
2026-08-03 15:55:24,967 | INFO     | services.notification_manager | [unknown_face/warning] Unknown person detected by camera.
2026-08-03 15:55:25,148 | INFO     | services.dlib_compat | Using dlib compatibility fallback shim.
2026-08-03 15:55:25,558 | INFO     | services.notification_manager | [unknown_face/warning] Unknown person detected by camera.
2026-08-03 15:55:25,638 | INFO     | services.dlib_compat | Using dlib compatibility fallback shim.
2026-08-03 15:55:26,133 | INFO     | services.notification_manager | [unknown_face/warning] Unknown person detected by camera.
2026-08-03 15:55:26,213 | INFO     | services.dlib_compat | Using dlib compatibility fallback shim.
2026-08-03 15:55:26,560 | INFO     | services.notification_manager | [unknown_face/warning] Unknown person detected by camera.
2026-08-03 15:55:26,669 | INFO     | services.dlib_compat | Using dlib compatibility fallback shim.
2026-08-03 15:55:27,039 | INFO     | services.notification_manager | [unknown_face/warning] Unknown person detected by camera.
2026-08-03 15:55:27,118 | INFO     | services.dlib_compat | Using dlib compatibility fallback shim.
2026-08-03 15:55:27,449 | INFO     | services.notification_manager | [unknown_face/warning] Unknown person detected by camera.
2026-08-03 15:55:27,519 | INFO     | services.dlib_compat | Using dlib compatibility fallback shim.
2026-08-03 15:55:28,131 | INFO     | services.notification_manager | [unknown_face/warning] Unknown person detected by camera.
2026-08-03 15:55:28,202 | INFO     | services.dlib_compat | Using dlib compatibility fallback shim.
2026-08-03 15:55:28,508 | INFO     | services.notification_manager | [unknown_face/warning] Unknown person detected by camera.
2026-08-03 15:55:28,584 | INFO     | services.dlib_compat | Using dlib compatibility fallback shim.
2026-08-03 15:55:28,908 | INFO     | services.notification_manager | [unknown_face/warning] Unknown person detected by camera.
2026-08-03 15:55:28,984 | INFO     | services.dlib_compat | Using dlib compatibility fallback shim.
2026-08-03 15:55:29,308 | INFO     | services.notification_manager | [unknown_face/warning] Unknown person detected by camera.
2026-08-03 15:55:29,382 | INFO     | services.dlib_compat | Using dlib compatibility fallback shim.
2026-08-03 15:55:29,696 | INFO     | services.notification_manager | [unknown_face/warning] Unknown person detected by camera.
2026-08-03 15:55:29,877 | INFO     | services.dlib_compat | Using dlib compatibility fallback shim.
2026-08-03 15:55:30,206 | INFO     | services.notification_manager | [unknown_face/warning] Unknown person detected by camera.
2026-08-03 15:55:30,383 | INFO     | services.dlib_compat | Using dlib compatibility fallback shim.
2026-08-03 15:55:30,685 | INFO     | services.notification_manager | [unknown_face/warning] Unknown person detected by camera.
2026-08-03 15:55:31,151 | INFO     | services.dlib_compat | Using dlib compatibility fallback shim.
2026-08-03 15:55:31,600 | INFO     | services.dlib_compat | Using dlib compatibility fallback shim.
2026-08-03 15:55:32,015 | INFO     | services.dlib_compat | Using dlib compatibility fallback shim.
2026-08-03 15:55:32,513 | INFO     | services.dlib_compat | Using dlib compatibility fallback shim.
2026-08-03 15:55:32,899 | INFO     | services.dlib_compat | Using dlib compatibility fallback shim.
2026-08-03 15:55:33,283 | INFO     | services.dlib_compat | Using dlib compatibility fallback shim.
2026-08-03 15:55:33,682 | INFO     | services.dlib_compat | Using dlib compatibility fallback shim.
2026-08-03 15:55:34,097 | INFO     | services.dlib_compat | Using dlib compatibility fallback shim.
2026-08-03 15:55:34,486 | INFO     | services.dlib_compat | Using dlib compatibility fallback shim.
2026-08-03 15:55:35,100 | INFO     | services.notification_manager | [unknown_face/warning] Unknown person detected by camera.
2026-08-03 15:55:35,175 | INFO     | services.dlib_compat | Using dlib compatibility fallback shim.
2026-08-03 15:55:35,503 | INFO     | services.notification_manager | [unknown_face/warning] Unknown person detected by camera.
2026-08-03 15:55:35,887 | INFO     | services.dlib_compat | Using dlib compatibility fallback shim.
2026-08-03 15:55:36,358 | INFO     | services.dlib_compat | Using dlib compatibility fallback shim.
2026-08-03 15:55:36,825 | INFO     | services.dlib_compat | Using dlib compatibility fallback shim.
2026-08-03 15:55:37,271 | INFO     | services.dlib_compat | Using dlib compatibility fallback shim.
2026-08-03 15:55:37,698 | INFO     | services.dlib_compat | Using dlib compatibility fallback shim.
2026-08-03 15:55:38,113 | INFO     | services.dlib_compat | Using dlib compatibility fallback shim.
2026-08-03 15:55:38,728 | INFO     | services.notification_manager | [unknown_face/warning] Unknown person detected by camera.
2026-08-03 15:55:39,017 | INFO     | services.dlib_compat | Using dlib compatibility fallback shim.
2026-08-03 15:55:39,399 | INFO     | services.notification_manager | [unknown_face/warning] Unknown person detected by camera.
2026-08-03 15:55:39,474 | INFO     | services.dlib_compat | Using dlib compatibility fallback shim.
2026-08-03 15:55:39,787 | INFO     | services.notification_manager | [unknown_face/warning] Unknown person detected by camera.
2026-08-03 15:55:39,856 | INFO     | services.dlib_compat | Using dlib compatibility fallback shim.
2026-08-03 15:55:40,192 | INFO     | services.notification_manager | [unknown_face/warning] Unknown person detected by camera.
2026-08-03 15:55:40,469 | INFO     | services.dlib_compat | Using dlib compatibility fallback shim.
2026-08-03 15:55:41,100 | INFO     | services.notification_manager | [unknown_face/warning] Unknown person detected by camera.
2026-08-03 15:55:41,172 | INFO     | services.dlib_compat | Using dlib compatibility fallback shim.
2026-08-03 15:55:41,793 | INFO     | services.notification_manager | [unknown_face/warning] Unknown person detected by camera.
2026-08-03 15:55:41,874 | INFO     | services.dlib_compat | Using dlib compatibility fallback shim.
2026-08-03 15:55:42,528 | INFO     | services.notification_manager | [unknown_face/warning] Unknown person detected by camera.
2026-08-03 15:55:42,604 | INFO     | services.dlib_compat | Using dlib compatibility fallback shim.
2026-08-03 15:55:42,991 | INFO     | services.dlib_compat | Using dlib compatibility fallback shim.
2026-08-03 15:55:43,389 | INFO     | services.dlib_compat | Using dlib compatibility fallback shim.
2026-08-03 15:55:43,758 | INFO     | services.dlib_compat | Using dlib compatibility fallback shim.
2026-08-03 15:55:44,386 | INFO     | services.notification_manager | [unknown_face/warning] Unknown person detected by camera.
2026-08-03 15:55:44,476 | INFO     | services.dlib_compat | Using dlib compatibility fallback shim.
2026-08-03 15:55:44,930 | INFO     | services.dlib_compat | Using dlib compatibility fallback shim.
2026-08-03 15:55:45,546 | INFO     | services.notification_manager | [unknown_face/warning] Unknown person detected by camera.
2026-08-03 15:55:45,619 | INFO     | services.dlib_compat | Using dlib compatibility fallback shim.
2026-08-03 15:55:46,235 | INFO     | services.notification_manager | [unknown_face/warning] Unknown person detected by camera.
2026-08-03 15:55:46,318 | INFO     | services.dlib_compat | Using dlib compatibility fallback shim.
2026-08-03 15:55:46,735 | INFO     | services.dlib_compat | Using dlib compatibility fallback shim.
2026-08-03 15:55:47,579 | INFO     | services.notification_manager | [unknown_face/warning] Unknown person detected by camera.
2026-08-03 15:55:47,650 | INFO     | services.dlib_compat | Using dlib compatibility fallback shim.
2026-08-03 15:55:48,066 | INFO     | services.dlib_compat | Using dlib compatibility fallback shim.
2026-08-03 15:55:48,439 | INFO     | services.dlib_compat | Using dlib compatibility fallback shim.
2026-08-03 15:55:48,854 | INFO     | services.dlib_compat | Using dlib compatibility fallback shim.
2026-08-03 15:55:49,224 | INFO     | services.dlib_compat | Using dlib compatibility fallback shim.
2026-08-03 15:55:49,790 | INFO     | services.notification_manager | [unknown_face/warning] Unknown person detected by camera.
2026-08-03 15:55:49,864 | INFO     | services.dlib_compat | Using dlib compatibility fallback shim.
2026-08-03 15:55:50,216 | INFO     | services.dlib_compat | Using dlib compatibility fallback shim.
2026-08-03 15:55:50,867 | INFO     | services.notification_manager | [unknown_face/warning] Unknown person detected by camera.
2026-08-03 15:55:50,947 | INFO     | services.dlib_compat | Using dlib compatibility fallback shim.
2026-08-03 15:55:51,786 | INFO     | services.notification_manager | [unknown_face/warning] Unknown person detected by camera.
2026-08-03 15:55:51,875 | INFO     | services.dlib_compat | Using dlib compatibility fallback shim.
2026-08-03 15:55:52,331 | INFO     | services.dlib_compat | Using dlib compatibility fallback shim.
2026-08-03 15:55:52,813 | INFO     | services.dlib_compat | Using dlib compatibility fallback shim.
2026-08-03 15:55:53,302 | INFO     | services.dlib_compat | Using dlib compatibility fallback shim.
2026-08-03 15:55:53,698 | INFO     | services.dlib_compat | Using dlib compatibility fallback shim.
2026-08-03 15:55:54,083 | INFO     | services.dlib_compat | Using dlib compatibility fallback shim.
2026-08-03 15:55:54,458 | INFO     | services.dlib_compat | Using dlib compatibility fallback shim.
2026-08-03 15:55:54,883 | INFO     | services.dlib_compat | Using dlib compatibility fallback shim.
2026-08-03 15:55:55,289 | INFO     | services.dlib_compat | Using dlib compatibility fallback shim.
2026-08-03 15:55:55,703 | INFO     | services.dlib_compat | Using dlib compatibility fallback shim.
2026-08-03 15:55:56,112 | INFO     | services.dlib_compat | Using dlib compatibility fallback shim.
2026-08-03 15:55:56,499 | INFO     | services.dlib_compat | Using dlib compatibility fallback shim.
2026-08-03 15:55:58,313 | INFO     | services.dlib_compat | Using dlib compatibility fallback shim.
2026-08-03 15:55:58,734 | INFO     | services.dlib_compat | Using dlib compatibility fallback shim.
2026-08-03 15:55:59,112 | INFO     | services.dlib_compat | Using dlib compatibility fallback shim.
2026-08-03 15:55:59,479 | INFO     | services.dlib_compat | Using dlib compatibility fallback shim.
2026-08-03 15:55:59,854 | INFO     | services.dlib_compat | Using dlib compatibility fallback shim.
2026-08-03 15:56:03,291 | INFO     | services.dlib_compat | Using dlib compatibility fallback shim.
2026-08-03 15:56:03,592 | INFO     | services.notification_manager | [unknown_face/warning] Unknown person detected by camera.
2026-08-03 15:56:03,850 | INFO     | services.dlib_compat | Using dlib compatibility fallback shim.
2026-08-03 15:56:04,225 | INFO     | services.dlib_compat | Using dlib compatibility fallback shim.
2026-08-03 15:56:04,592 | INFO     | services.dlib_compat | Using dlib compatibility fallback shim.
2026-08-03 15:56:04,956 | INFO     | services.dlib_compat | Using dlib compatibility fallback shim.
2026-08-03 15:56:05,337 | INFO     | services.dlib_compat | Using dlib compatibility fallback shim.
2026-08-03 15:56:05,675 | INFO     | services.dlib_compat | Using dlib compatibility fallback shim.
2026-08-03 15:56:06,257 | INFO     | services.notification_manager | [unknown_face/warning] Unknown person detected by camera.
2026-08-03 15:56:06,331 | INFO     | services.dlib_compat | Using dlib compatibility fallback shim.
2026-08-03 15:56:06,921 | INFO     | services.notification_manager | [unknown_face/warning] Unknown person detected by camera.
2026-08-03 15:56:06,996 | INFO     | services.dlib_compat | Using dlib compatibility fallback shim.
2026-08-03 15:56:07,350 | INFO     | services.dlib_compat | Using dlib compatibility fallback shim.
2026-08-03 15:56:07,717 | INFO     | services.dlib_compat | Using dlib compatibility fallback shim.
2026-08-03 15:56:08,314 | INFO     | services.notification_manager | [unknown_face/warning] Unknown person detected by camera.
2026-08-03 15:56:08,397 | INFO     | services.dlib_compat | Using dlib compatibility fallback shim.
2026-08-03 15:56:08,837 | INFO     | services.dlib_compat | Using dlib compatibility fallback shim.
2026-08-03 15:56:09,252 | INFO     | services.dlib_compat | Using dlib compatibility fallback shim.
2026-08-03 15:56:09,654 | INFO     | services.dlib_compat | Using dlib compatibility fallback shim.
2026-08-03 15:56:10,045 | INFO     | services.dlib_compat | Using dlib compatibility fallback shim.
2026-08-03 15:56:10,416 | INFO     | services.dlib_compat | Using dlib compatibility fallback shim.
2026-08-03 15:56:10,886 | INFO     | services.dlib_compat | Using dlib compatibility fallback shim.
2026-08-03 15:56:11,336 | INFO     | services.dlib_compat | Using dlib compatibility fallback shim.
2026-08-03 15:56:11,700 | INFO     | services.dlib_compat | Using dlib compatibility fallback shim.
2026-08-03 15:56:12,131 | INFO     | services.dlib_compat | Using dlib compatibility fallback shim.
2026-08-03 15:56:12,624 | INFO     | services.dlib_compat | Using dlib compatibility fallback shim.
2026-08-03 15:56:13,084 | INFO     | services.dlib_compat | Using dlib compatibility fallback shim.
2026-08-03 15:56:13,517 | INFO     | services.dlib_compat | Using dlib compatibility fallback shim.
2026-08-03 15:56:13,962 | INFO     | services.dlib_compat | Using dlib compatibility fallback shim.
2026-08-03 15:56:14,381 | INFO     | services.dlib_compat | Using dlib compatibility fallback shim.
2026-08-03 15:56:14,848 | INFO     | services.dlib_compat | Using dlib compatibility fallback shim.
2026-08-03 15:56:15,261 | INFO     | services.dlib_compat | Using dlib compatibility fallback shim.
2026-08-03 15:56:15,671 | INFO     | services.dlib_compat | Using dlib compatibility fallback shim.
2026-08-03 15:56:16,078 | INFO     | services.dlib_compat | Using dlib compatibility fallback shim.
2026-08-03 15:56:16,492 | INFO     | services.dlib_compat | Using dlib compatibility fallback shim.
2026-08-03 15:56:17,116 | INFO     | services.dlib_compat | Using dlib compatibility fallback shim.
2026-08-03 15:56:17,666 | ERROR    | gui.dashboard | Unhandled exception in GUI callback: 
Traceback (most recent call last):
  File "C:\Users\HP\AppData\Local\Programs\Python\Python311\Lib\tkinter\__init__.py", line 1967, in __call__
    return self.func(*args)
           ^^^^^^^^^^^^^^^^
  File "C:\Users\HP\AppData\Local\Programs\Python\Python311\Lib\tkinter\__init__.py", line 861, in callit
    func(*args)
  File "C:\Users\HP\OneDrive\Documents\Desktop\VAYUROME Working\VS Code\VAS Attendance System + hardware\smart_attendance_system\gui\dashboard.py", line 267, in _camera_tick
    results = self.face_engine.recognize_frame(frame)
              ^^^^^^^^^^^^^^^^^^^^^^^^^^^^^^^^^^^^^^^
  File "C:\Users\HP\OneDrive\Documents\Desktop\VAYUROME Working\VS Code\VAS Attendance System + hardware\smart_attendance_system\services\face_recognition_engine.py", line 239, in recognize_frame
    for location, encoding in self.detect_and_encode_frame(frame):
                              ^^^^^^^^^^^^^^^^^^^^^^^^^^^^^^^^^^^
  File "C:\Users\HP\OneDrive\Documents\Desktop\VAYUROME Working\VS Code\VAS Attendance System + hardware\smart_attendance_system\services\face_recognition_engine.py", line 182, in detect_and_encode_frame
    encodings = safe_face_encodings(
                ^^^^^^^^^^^^^^^^^^^^
  File "C:\Users\HP\OneDrive\Documents\Desktop\VAYUROME Working\VS Code\VAS Attendance System + hardware\smart_attendance_system\services\dlib_compat.py", line 202, in safe_face_encodings
    return [
           ^
  File "C:\Users\HP\OneDrive\Documents\Desktop\VAYUROME Working\VS Code\VAS Attendance System + hardware\smart_attendance_system\services\dlib_compat.py", line 204, in <listcomp>
    _try_call_patterns(
  File "C:\Users\HP\OneDrive\Documents\Desktop\VAYUROME Working\VS Code\VAS Attendance System + hardware\smart_attendance_system\services\dlib_compat.py", line 121, in _try_call_patterns
    result = patterns[name]()
             ^^^^^^^^^^^^^^^^
  File "C:\Users\HP\OneDrive\Documents\Desktop\VAYUROME Working\VS Code\VAS Attendance System + hardware\smart_attendance_system\services\dlib_compat.py", line 98, in <lambda>
    "positional_jitters": lambda: encoder.compute_face_descriptor(face_image, landmark, num_jitters),
                                  ^^^^^^^^^^^^^^^^^^^^^^^^^^^^^^^^^^^^^^^^^^^^^^^^^^^^^^^^^^^^^^^^^^
KeyboardInterrupt
2026-08-03 15:56:17,904 | INFO     | services.notification_manager | [system/error] Unexpected error: 
2026-08-03 15:56:22,615 | INFO     | services.camera_manager | Camera released.
2026-08-03 15:56:23,138 | INFO     | __main__ | Smart Attendance System shut down normally.
2026-08-03 17:19:14,566 | INFO     | __main__ | Smart Attendance System starting up.
2026-08-03 17:19:14,568 | INFO     | utils.bootstrap | Directory bootstrap complete. 6 directories verified.
2026-08-03 17:19:18,287 | INFO     | services.database_manager | Database schema verified/created at C:\Users\HP\OneDrive\Documents\Desktop\VAYUROME Working\VS Code\VAS Attendance System + hardware\smart_attendance_system\database\employee_data.db
2026-08-03 17:19:29,575 | INFO     | services.auth_manager | Admin login successful: admin
2026-08-03 17:19:29,724 | INFO     | services.database_manager | Database schema verified/created at C:\Users\HP\OneDrive\Documents\Desktop\VAYUROME Working\VS Code\VAS Attendance System + hardware\smart_attendance_system\database\employee_data.db
2026-08-03 17:19:29,727 | INFO     | services.encoding_cache | Loaded encoding cache: 2 employee(s), 3 total encoding(s).
2026-08-03 17:19:39,117 | INFO     | services.camera_manager | Camera opened (backend=OpenCVWebcamSource, 1280x720)
2026-08-03 17:19:39,996 | INFO     | services.dlib_compat | Using dlib compatibility fallback shim.
2026-08-03 17:19:40,588 | WARNING  | services.dlib_compat | dlib compatibility shim: compute_face_descriptor() required call pattern 'positional_jitters' instead of face_recognition's default. This means your installed dlib version has a different API than face_recognition 1.3.0 expects - requirements.txt pins dlib<20.0.0 to avoid this; consider reinstalling with `pip install "dlib<20.0.0"` when convenient.
2026-08-03 17:19:40,754 | INFO     | services.dlib_compat | Using dlib compatibility fallback shim.
2026-08-03 17:19:41,492 | INFO     | services.dlib_compat | Using dlib compatibility fallback shim.
2026-08-03 17:19:42,446 | INFO     | services.dlib_compat | Using dlib compatibility fallback shim.
2026-08-03 17:19:43,135 | INFO     | services.dlib_compat | Using dlib compatibility fallback shim.
2026-08-03 17:19:43,899 | INFO     | services.dlib_compat | Using dlib compatibility fallback shim.
2026-08-03 17:19:44,535 | INFO     | services.dlib_compat | Using dlib compatibility fallback shim.
2026-08-03 17:19:45,212 | INFO     | services.dlib_compat | Using dlib compatibility fallback shim.
2026-08-03 17:19:45,994 | INFO     | services.dlib_compat | Using dlib compatibility fallback shim.
2026-08-03 17:19:46,670 | INFO     | services.dlib_compat | Using dlib compatibility fallback shim.
2026-08-03 17:19:47,244 | INFO     | services.dlib_compat | Using dlib compatibility fallback shim.
2026-08-03 17:19:47,800 | INFO     | services.dlib_compat | Using dlib compatibility fallback shim.
2026-08-03 17:19:48,630 | INFO     | services.dlib_compat | Using dlib compatibility fallback shim.
2026-08-03 17:19:49,185 | INFO     | services.dlib_compat | Using dlib compatibility fallback shim.
2026-08-03 17:19:49,727 | INFO     | services.dlib_compat | Using dlib compatibility fallback shim.
2026-08-03 17:19:50,423 | INFO     | services.dlib_compat | Using dlib compatibility fallback shim.
2026-08-03 17:19:51,261 | INFO     | services.dlib_compat | Using dlib compatibility fallback shim.
2026-08-03 17:19:52,050 | INFO     | services.dlib_compat | Using dlib compatibility fallback shim.
2026-08-03 17:19:52,719 | INFO     | services.dlib_compat | Using dlib compatibility fallback shim.
2026-08-03 17:19:53,484 | INFO     | services.dlib_compat | Using dlib compatibility fallback shim.
2026-08-03 17:19:54,208 | INFO     | services.dlib_compat | Using dlib compatibility fallback shim.
2026-08-03 17:19:54,774 | INFO     | services.dlib_compat | Using dlib compatibility fallback shim.
2026-08-03 17:19:55,340 | INFO     | services.dlib_compat | Using dlib compatibility fallback shim.
2026-08-03 17:19:55,867 | INFO     | services.dlib_compat | Using dlib compatibility fallback shim.
2026-08-03 17:19:56,421 | INFO     | services.dlib_compat | Using dlib compatibility fallback shim.
2026-08-03 17:19:56,972 | INFO     | services.dlib_compat | Using dlib compatibility fallback shim.
2026-08-03 17:19:57,537 | INFO     | services.dlib_compat | Using dlib compatibility fallback shim.
2026-08-03 17:19:58,170 | INFO     | services.dlib_compat | Using dlib compatibility fallback shim.
2026-08-03 17:19:58,735 | INFO     | services.dlib_compat | Using dlib compatibility fallback shim.
2026-08-03 17:19:59,385 | INFO     | services.dlib_compat | Using dlib compatibility fallback shim.
2026-08-03 17:20:00,108 | INFO     | services.dlib_compat | Using dlib compatibility fallback shim.
2026-08-03 17:20:00,867 | INFO     | services.dlib_compat | Using dlib compatibility fallback shim.
2026-08-03 17:20:01,583 | INFO     | services.dlib_compat | Using dlib compatibility fallback shim.
2026-08-03 17:20:02,341 | INFO     | services.dlib_compat | Using dlib compatibility fallback shim.
2026-08-03 17:20:03,215 | INFO     | services.dlib_compat | Using dlib compatibility fallback shim.
2026-08-03 17:20:03,881 | INFO     | services.dlib_compat | Using dlib compatibility fallback shim.
2026-08-03 17:20:04,554 | INFO     | services.dlib_compat | Using dlib compatibility fallback shim.
2026-08-03 17:20:05,256 | INFO     | services.dlib_compat | Using dlib compatibility fallback shim.
2026-08-03 17:20:06,009 | INFO     | services.dlib_compat | Using dlib compatibility fallback shim.
2026-08-03 17:20:06,727 | INFO     | services.dlib_compat | Using dlib compatibility fallback shim.
2026-08-03 17:20:07,344 | INFO     | services.dlib_compat | Using dlib compatibility fallback shim.
2026-08-03 17:20:07,987 | INFO     | services.dlib_compat | Using dlib compatibility fallback shim.
2026-08-03 17:20:08,626 | INFO     | services.dlib_compat | Using dlib compatibility fallback shim.
2026-08-03 17:20:09,267 | INFO     | services.dlib_compat | Using dlib compatibility fallback shim.
2026-08-03 17:20:09,893 | INFO     | services.dlib_compat | Using dlib compatibility fallback shim.
2026-08-03 17:20:10,525 | INFO     | services.dlib_compat | Using dlib compatibility fallback shim.
2026-08-03 17:20:11,066 | INFO     | services.notification_manager | [unknown_face/warning] Unknown person detected by camera.
2026-08-03 17:20:11,170 | INFO     | services.dlib_compat | Using dlib compatibility fallback shim.
2026-08-03 17:20:11,807 | INFO     | services.notification_manager | [unknown_face/warning] Unknown person detected by camera.
2026-08-03 17:20:11,903 | INFO     | services.dlib_compat | Using dlib compatibility fallback shim.
2026-08-03 17:20:12,641 | INFO     | services.dlib_compat | Using dlib compatibility fallback shim.
2026-08-03 17:20:13,324 | INFO     | services.dlib_compat | Using dlib compatibility fallback shim.
2026-08-03 17:20:14,023 | INFO     | services.dlib_compat | Using dlib compatibility fallback shim.
2026-08-03 17:20:14,638 | INFO     | services.dlib_compat | Using dlib compatibility fallback shim.
2026-08-03 17:20:15,688 | INFO     | services.camera_manager | Camera released.
2026-08-03 17:20:15,947 | INFO     | __main__ | Smart Attendance System shut down normally.
